id,firstname,lastname,email,email2,profession
100,Konstance,Hoenack,Konstance.Hoenack@yopmail.com,Konstance.Hoenack@gmail.com,worker
101,Clementine,Schlosser,Clementine.Schlosser@yopmail.com,Clementine.Schlosser@gmail.com,police officer
102,Celisse,Monaco,Celisse.Monaco@yopmail.com,Celisse.Monaco@gmail.com,firefighter
103,Ottilie,Cavan,Ottilie.Cavan@yopmail.com,Ottilie.Cavan@gmail.com,firefighter
104,Doralynne,Bronk,Doralynne.Bronk@yopmail.com,Doralynne.Bronk@gmail.com,worker
105,Nadine,Peti,Nadine.Peti@yopmail.com,Nadine.Peti@gmail.com,police officer
106,Rosanne,Bergman,Rosanne.Bergman@yopmail.com,Rosanne.Bergman@gmail.com,police officer
107,Fidelia,Cath,Fidelia.Cath@yopmail.com,Fidelia.Cath@gmail.com,developer
108,Devina,Eldrid,Devina.Eldrid@yopmail.com,Devina.Eldrid@gmail.com,doctor
109,Misha,Jobi,Misha.Jobi@yopmail.com,Misha.Jobi@gmail.com,worker
110,Dode,Maples,Dode.Maples@yopmail.com,Dode.Maples@gmail.com,doctor
111,Frank,Urias,Frank.Urias@yopmail.com,Frank.Urias@gmail.com,firefighter
112,Shaine,Hilbert,Shaine.Hilbert@yopmail.com,Shaine.Hilbert@gmail.com,developer
113,Perry,Marcellus,Perry.Marcellus@yopmail.com,Perry.Marcellus@gmail.com,doctor
114,Zia,Monaco,Zia.Monaco@yopmail.com,Zia.Monaco@gmail.com,police officer
115,Coral,Anselmi,Coral.Anselmi@yopmail.com,Coral.Anselmi@gmail.com,firefighter
116,Roseline,Giule,Roseline.Giule@yopmail.com,Roseline.Giule@gmail.com,doctor
117,Xylina,Gaulin,Xylina.Gaulin@yopmail.com,Xylina.Gaulin@gmail.com,firefighter
118,Melisent,Trey,Melisent.Trey@yopmail.com,Melisent.Trey@gmail.com,worker
119,Deirdre,Gower,Deirdre.Gower@yopmail.com,Deirdre.Gower@gmail.com,firefighter
120,Merle,Ioab,Merle.Ioab@yopmail.com,Merle.Ioab@gmail.com,developer
121,Farrah,Nikaniki,Farrah.Nikaniki@yopmail.com,Farrah.Nikaniki@gmail.com,police officer
122,Tobe,Fennessy,Tobe.Fennessy@yopmail.com,Tobe.Fennessy@gmail.com,police officer
123,Annora,Zachary,Annora.Zachary@yopmail.com,Annora.Zachary@gmail.com,police officer
124,Jsandye,Secrest,Jsandye.Secrest@yopmail.com,Jsandye.Secrest@gmail.com,doctor
125,Cherrita,Eben,Cherrita.Eben@yopmail.com,Cherrita.Eben@gmail.com,firefighter
126,Althea,Plato,Althea.Plato@yopmail.com,Althea.Plato@gmail.com,doctor
127,Henriette,Linskey,Henriette.Linskey@yopmail.com,Henriette.Linskey@gmail.com,worker
128,Kassey,Kenwood,Kassey.Kenwood@yopmail.com,Kassey.Kenwood@gmail.com,police officer
129,Nyssa,Hanshaw,Nyssa.Hanshaw@yopmail.com,Nyssa.Hanshaw@gmail.com,worker
130,Catharine,Adamsen,Catharine.Adamsen@yopmail.com,Catharine.Adamsen@gmail.com,police officer
131,Imojean,Stefa,Imojean.Stefa@yopmail.com,Imojean.Stefa@gmail.com,firefighter
132,Carilyn,Marijo,Carilyn.Marijo@yopmail.com,Carilyn.Marijo@gmail.com,doctor
133,Marita,Means,Marita.Means@yopmail.com,Marita.Means@gmail.com,worker
134,Barbi,Charity,Barbi.Charity@yopmail.com,Barbi.Charity@gmail.com,firefighter
135,Joane,Bryna,Joane.Bryna@yopmail.com,Joane.Bryna@gmail.com,police officer
136,Max,Lunsford,Max.Lunsford@yopmail.com,Max.Lunsford@gmail.com,worker
137,Chickie,Stilwell,Chickie.Stilwell@yopmail.com,Chickie.Stilwell@gmail.com,doctor
138,Shaylyn,Harl,Shaylyn.Harl@yopmail.com,Shaylyn.Harl@gmail.com,developer
139,Alia,Braun,Alia.Braun@yopmail.com,Alia.Braun@gmail.com,doctor
140,Lilith,Sandye,Lilith.Sandye@yopmail.com,Lilith.Sandye@gmail.com,doctor
141,Ruthe,Stelle,Ruthe.Stelle@yopmail.com,Ruthe.Stelle@gmail.com,doctor
142,Audrie,Trey,Audrie.Trey@yopmail.com,Audrie.Trey@gmail.com,police officer
143,Ruthe,Riva,Ruthe.Riva@yopmail.com,Ruthe.Riva@gmail.com,firefighter
144,Dominga,Imelida,Dominga.Imelida@yopmail.com,Dominga.Imelida@gmail.com,firefighter
145,Sam,Brenn,Sam.Brenn@yopmail.com,Sam.Brenn@gmail.com,police officer
146,Modestia,Buffum,Modestia.Buffum@yopmail.com,Modestia.Buffum@gmail.com,worker
147,Harrietta,Cosenza,Harrietta.Cosenza@yopmail.com,Harrietta.Cosenza@gmail.com,firefighter
148,Teriann,Aida,Teriann.Aida@yopmail.com,Teriann.Aida@gmail.com,doctor
149,Angelique,Fax,Angelique.Fax@yopmail.com,Angelique.Fax@gmail.com,police officer
150,Katharina,Ochs,Katharina.Ochs@yopmail.com,Katharina.Ochs@gmail.com,firefighter
151,Ivett,Juan,Ivett.Juan@yopmail.com,Ivett.Juan@gmail.com,firefighter
152,Rosene,Quent,Rosene.Quent@yopmail.com,Rosene.Quent@gmail.com,police officer
153,Doro,Papageno,Doro.Papageno@yopmail.com,Doro.Papageno@gmail.com,worker
154,Tamqrah,Haymes,Tamqrah.Haymes@yopmail.com,Tamqrah.Haymes@gmail.com,developer
155,Malina,Wolfgram,Malina.Wolfgram@yopmail.com,Malina.Wolfgram@gmail.com,developer
156,Rubie,Kat,Rubie.Kat@yopmail.com,Rubie.Kat@gmail.com,doctor
157,Lucy,Persse,Lucy.Persse@yopmail.com,Lucy.Persse@gmail.com,worker
158,Constance,Birdella,Constance.Birdella@yopmail.com,Constance.Birdella@gmail.com,police officer
159,Leanna,Maisey,Leanna.Maisey@yopmail.com,Leanna.Maisey@gmail.com,worker
160,Lonnie,Borrell,Lonnie.Borrell@yopmail.com,Lonnie.Borrell@gmail.com,police officer
161,Ayn,Liebermann,Ayn.Liebermann@yopmail.com,Ayn.Liebermann@gmail.com,firefighter
162,Wendi,Adalbert,Wendi.Adalbert@yopmail.com,Wendi.Adalbert@gmail.com,firefighter
163,Courtnay,Atcliffe,Courtnay.Atcliffe@yopmail.com,Courtnay.Atcliffe@gmail.com,developer
164,Gui,Neils,Gui.Neils@yopmail.com,Gui.Neils@gmail.com,developer
165,Lucy,Zuzana,Lucy.Zuzana@yopmail.com,Lucy.Zuzana@gmail.com,firefighter
166,Kerrin,Brieta,Kerrin.Brieta@yopmail.com,Kerrin.Brieta@gmail.com,firefighter
167,Goldie,Thar,Goldie.Thar@yopmail.com,Goldie.Thar@gmail.com,worker
168,Addia,Jalbert,Addia.Jalbert@yopmail.com,Addia.Jalbert@gmail.com,developer
169,Joleen,Emmy,Joleen.Emmy@yopmail.com,Joleen.Emmy@gmail.com,worker
170,Molli,Rosette,Molli.Rosette@yopmail.com,Molli.Rosette@gmail.com,firefighter
171,Heddie,Jehu,Heddie.Jehu@yopmail.com,Heddie.Jehu@gmail.com,firefighter
172,Gianina,Yuille,Gianina.Yuille@yopmail.com,Gianina.Yuille@gmail.com,firefighter
173,Lolita,Honoria,Lolita.Honoria@yopmail.com,Lolita.Honoria@gmail.com,worker
174,Letizia,Skell,Letizia.Skell@yopmail.com,Letizia.Skell@gmail.com,worker
175,Correy,Nikaniki,Correy.Nikaniki@yopmail.com,Correy.Nikaniki@gmail.com,worker
176,Madelle,Sadowski,Madelle.Sadowski@yopmail.com,Madelle.Sadowski@gmail.com,doctor
177,Ingrid,Zitvaa,Ingrid.Zitvaa@yopmail.com,Ingrid.Zitvaa@gmail.com,developer
178,Tybie,Voletta,Tybie.Voletta@yopmail.com,Tybie.Voletta@gmail.com,worker
179,Vere,Barney,Vere.Barney@yopmail.com,Vere.Barney@gmail.com,police officer
180,Elena,Rooney,Elena.Rooney@yopmail.com,Elena.Rooney@gmail.com,developer
181,Kaja,Garlinda,Kaja.Garlinda@yopmail.com,Kaja.Garlinda@gmail.com,firefighter
182,Zia,Ahab,Zia.Ahab@yopmail.com,Zia.Ahab@gmail.com,firefighter
183,Renie,Kimmie,Renie.Kimmie@yopmail.com,Renie.Kimmie@gmail.com,police officer
184,Caressa,Clie,Caressa.Clie@yopmail.com,Caressa.Clie@gmail.com,police officer
185,Diena,Loring,Diena.Loring@yopmail.com,Diena.Loring@gmail.com,police officer
186,Sharai,Amethist,Sharai.Amethist@yopmail.com,Sharai.Amethist@gmail.com,doctor
187,Ruthe,Destinee,Ruthe.Destinee@yopmail.com,Ruthe.Destinee@gmail.com,worker
188,Carree,Magnolia,Carree.Magnolia@yopmail.com,Carree.Magnolia@gmail.com,doctor
189,Dorthy,Weide,Dorthy.Weide@yopmail.com,Dorthy.Weide@gmail.com,doctor
190,Marylou,Wattenberg,Marylou.Wattenberg@yopmail.com,Marylou.Wattenberg@gmail.com,police officer
191,Therine,Durante,Therine.Durante@yopmail.com,Therine.Durante@gmail.com,worker
192,Gabriellia,Faso,Gabriellia.Faso@yopmail.com,Gabriellia.Faso@gmail.com,doctor
193,Meriel,Annice,Meriel.Annice@yopmail.com,Meriel.Annice@gmail.com,doctor
194,Nita,Phaidra,Nita.Phaidra@yopmail.com,Nita.Phaidra@gmail.com,doctor
195,Ida,Byrne,Ida.Byrne@yopmail.com,Ida.Byrne@gmail.com,police officer
196,Gratia,Craggie,Gratia.Craggie@yopmail.com,Gratia.Craggie@gmail.com,developer
197,Phedra,Selway,Phedra.Selway@yopmail.com,Phedra.Selway@gmail.com,doctor
198,Lynnea,Chesna,Lynnea.Chesna@yopmail.com,Lynnea.Chesna@gmail.com,firefighter
199,Karly,Rustice,Karly.Rustice@yopmail.com,Karly.Rustice@gmail.com,firefighter
200,Adelle,Ranjiv,Adelle.Ranjiv@yopmail.com,Adelle.Ranjiv@gmail.com,worker
201,Paule,Ogren,Paule.Ogren@yopmail.com,Paule.Ogren@gmail.com,police officer
202,Hettie,Hanleigh,Hettie.Hanleigh@yopmail.com,Hettie.Hanleigh@gmail.com,police officer
203,Angelique,Gerge,Angelique.Gerge@yopmail.com,Angelique.Gerge@gmail.com,police officer
204,Verla,Ochs,Verla.Ochs@yopmail.com,Verla.Ochs@gmail.com,developer
205,Kittie,Bearnard,Kittie.Bearnard@yopmail.com,Kittie.Bearnard@gmail.com,worker
206,Steffane,Kravits,Steffane.Kravits@yopmail.com,Steffane.Kravits@gmail.com,doctor
207,Harrietta,Lemuela,Harrietta.Lemuela@yopmail.com,Harrietta.Lemuela@gmail.com,worker
208,Loree,Skurnik,Loree.Skurnik@yopmail.com,Loree.Skurnik@gmail.com,worker
209,Eugine,Adalbert,Eugine.Adalbert@yopmail.com,Eugine.Adalbert@gmail.com,firefighter
210,Ardenia,Anselmi,Ardenia.Anselmi@yopmail.com,Ardenia.Anselmi@gmail.com,developer
211,Barbara,Louanna,Barbara.Louanna@yopmail.com,Barbara.Louanna@gmail.com,firefighter
212,Mary,Rodmann,Mary.Rodmann@yopmail.com,Mary.Rodmann@gmail.com,firefighter
213,Lita,Artie,Lita.Artie@yopmail.com,Lita.Artie@gmail.com,worker
214,Randa,Gino,Randa.Gino@yopmail.com,Randa.Gino@gmail.com,worker
215,Vanessa,Raimondo,Vanessa.Raimondo@yopmail.com,Vanessa.Raimondo@gmail.com,police officer
216,Rori,Ricarda,Rori.Ricarda@yopmail.com,Rori.Ricarda@gmail.com,firefighter
217,Basia,Vorster,Basia.Vorster@yopmail.com,Basia.Vorster@gmail.com,doctor
218,Susan,Mich,Susan.Mich@yopmail.com,Susan.Mich@gmail.com,firefighter
219,Cyndie,Terrence,Cyndie.Terrence@yopmail.com,Cyndie.Terrence@gmail.com,doctor
220,Raf,Macey,Raf.Macey@yopmail.com,Raf.Macey@gmail.com,developer
221,Leanna,Kaja,Leanna.Kaja@yopmail.com,Leanna.Kaja@gmail.com,firefighter
222,Cassandra,Durware,Cassandra.Durware@yopmail.com,Cassandra.Durware@gmail.com,worker
223,Fanny,Argus,Fanny.Argus@yopmail.com,Fanny.Argus@gmail.com,firefighter
224,Marnia,Cohdwell,Marnia.Cohdwell@yopmail.com,Marnia.Cohdwell@gmail.com,police officer
225,Latisha,Faria,Latisha.Faria@yopmail.com,Latisha.Faria@gmail.com,police officer
226,Celisse,Cloris,Celisse.Cloris@yopmail.com,Celisse.Cloris@gmail.com,firefighter
227,Ottilie,Hathaway,Ottilie.Hathaway@yopmail.com,Ottilie.Hathaway@gmail.com,firefighter
228,Kary,Hachmin,Kary.Hachmin@yopmail.com,Kary.Hachmin@gmail.com,developer
229,Celisse,Lewes,Celisse.Lewes@yopmail.com,Celisse.Lewes@gmail.com,police officer
230,Ofilia,Waite,Ofilia.Waite@yopmail.com,Ofilia.Waite@gmail.com,firefighter
231,Melisent,Montgomery,Melisent.Montgomery@yopmail.com,Melisent.Montgomery@gmail.com,doctor
232,Concettina,Capello,Concettina.Capello@yopmail.com,Concettina.Capello@gmail.com,developer
233,Lonnie,Knowling,Lonnie.Knowling@yopmail.com,Lonnie.Knowling@gmail.com,firefighter
234,Constance,Shields,Constance.Shields@yopmail.com,Constance.Shields@gmail.com,doctor
235,Jenda,Whittaker,Jenda.Whittaker@yopmail.com,Jenda.Whittaker@gmail.com,worker
236,Berget,Orlene,Berget.Orlene@yopmail.com,Berget.Orlene@gmail.com,developer
237,Joeann,Ventre,Joeann.Ventre@yopmail.com,Joeann.Ventre@gmail.com,police officer
238,Hope,Faro,Hope.Faro@yopmail.com,Hope.Faro@gmail.com,worker
239,Kerrin,Mata,Kerrin.Mata@yopmail.com,Kerrin.Mata@gmail.com,police officer
240,Elora,Mitzi,Elora.Mitzi@yopmail.com,Elora.Mitzi@gmail.com,doctor
241,Hollie,Penelopa,Hollie.Penelopa@yopmail.com,Hollie.Penelopa@gmail.com,firefighter
242,Ariela,Aaberg,Ariela.Aaberg@yopmail.com,Ariela.Aaberg@gmail.com,worker
243,Sue,Orelee,Sue.Orelee@yopmail.com,Sue.Orelee@gmail.com,doctor
244,Beatriz,Calhoun,Beatriz.Calhoun@yopmail.com,Beatriz.Calhoun@gmail.com,firefighter
245,Pearline,Creamer,Pearline.Creamer@yopmail.com,Pearline.Creamer@gmail.com,doctor
246,Jinny,Mendez,Jinny.Mendez@yopmail.com,Jinny.Mendez@gmail.com,developer
247,Lynnea,Christal,Lynnea.Christal@yopmail.com,Lynnea.Christal@gmail.com,developer
248,Mellicent,Strephon,Mellicent.Strephon@yopmail.com,Mellicent.Strephon@gmail.com,doctor
249,Sibella,Kathie,Sibella.Kathie@yopmail.com,Sibella.Kathie@gmail.com,worker
250,Rubie,Gordon,Rubie.Gordon@yopmail.com,Rubie.Gordon@gmail.com,developer
251,Karina,Brandice,Karina.Brandice@yopmail.com,Karina.Brandice@gmail.com,doctor
252,Tybie,Audly,Tybie.Audly@yopmail.com,Tybie.Audly@gmail.com,doctor
253,Giustina,Angelis,Giustina.Angelis@yopmail.com,Giustina.Angelis@gmail.com,worker
254,Grier,Moina,Grier.Moina@yopmail.com,Grier.Moina@gmail.com,police officer
255,Paulita,Chinua,Paulita.Chinua@yopmail.com,Paulita.Chinua@gmail.com,firefighter
256,Lusa,Standing,Lusa.Standing@yopmail.com,Lusa.Standing@gmail.com,police officer
257,Laurene,Lumbard,Laurene.Lumbard@yopmail.com,Laurene.Lumbard@gmail.com,worker
258,Pearline,Skell,Pearline.Skell@yopmail.com,Pearline.Skell@gmail.com,worker
259,Malina,Ivens,Malina.Ivens@yopmail.com,Malina.Ivens@gmail.com,doctor
260,Hallie,Guildroy,Hallie.Guildroy@yopmail.com,Hallie.Guildroy@gmail.com,developer
261,Cristine,Deegan,Cristine.Deegan@yopmail.com,Cristine.Deegan@gmail.com,developer
262,Jennica,Hieronymus,Jennica.Hieronymus@yopmail.com,Jennica.Hieronymus@gmail.com,firefighter
263,Cyb,Percy,Cyb.Percy@yopmail.com,Cyb.Percy@gmail.com,doctor
264,Jeanna,Salvidor,Jeanna.Salvidor@yopmail.com,Jeanna.Salvidor@gmail.com,developer
265,Penelopa,Cadmar,Penelopa.Cadmar@yopmail.com,Penelopa.Cadmar@gmail.com,developer
266,Beverley,Buckler,Beverley.Buckler@yopmail.com,Beverley.Buckler@gmail.com,firefighter
267,Dorice,Seumas,Dorice.Seumas@yopmail.com,Dorice.Seumas@gmail.com,police officer
268,Sindee,Brackely,Sindee.Brackely@yopmail.com,Sindee.Brackely@gmail.com,developer
269,Cassandra,Mike,Cassandra.Mike@yopmail.com,Cassandra.Mike@gmail.com,developer
270,Babita,Natica,Babita.Natica@yopmail.com,Babita.Natica@gmail.com,developer
271,Doro,Amethist,Doro.Amethist@yopmail.com,Doro.Amethist@gmail.com,doctor
272,Katharina,Ralfston,Katharina.Ralfston@yopmail.com,Katharina.Ralfston@gmail.com,doctor
273,Julieta,Gavrila,Julieta.Gavrila@yopmail.com,Julieta.Gavrila@gmail.com,doctor
274,Violet,Stefa,Violet.Stefa@yopmail.com,Violet.Stefa@gmail.com,developer
275,Verla,Lubin,Verla.Lubin@yopmail.com,Verla.Lubin@gmail.com,firefighter
276,Hyacinthe,Serilda,Hyacinthe.Serilda@yopmail.com,Hyacinthe.Serilda@gmail.com,police officer
277,Sharlene,Brenn,Sharlene.Brenn@yopmail.com,Sharlene.Brenn@gmail.com,developer
278,Letizia,Gower,Letizia.Gower@yopmail.com,Letizia.Gower@gmail.com,police officer
279,Lindie,Lorenz,Lindie.Lorenz@yopmail.com,Lindie.Lorenz@gmail.com,firefighter
280,Lauryn,Love,Lauryn.Love@yopmail.com,Lauryn.Love@gmail.com,police officer
281,Carilyn,Desai,Carilyn.Desai@yopmail.com,Carilyn.Desai@gmail.com,worker
282,Celene,Halsey,Celene.Halsey@yopmail.com,Celene.Halsey@gmail.com,police officer
283,Fred,Pelagias,Fred.Pelagias@yopmail.com,Fred.Pelagias@gmail.com,worker
284,Kirbee,Vilma,Kirbee.Vilma@yopmail.com,Kirbee.Vilma@gmail.com,developer
285,Heddie,Lasley,Heddie.Lasley@yopmail.com,Heddie.Lasley@gmail.com,developer
286,Florie,Jerold,Florie.Jerold@yopmail.com,Florie.Jerold@gmail.com,developer
287,Devina,Thomasina,Devina.Thomasina@yopmail.com,Devina.Thomasina@gmail.com,worker
288,Jordan,Hoenack,Jordan.Hoenack@yopmail.com,Jordan.Hoenack@gmail.com,police officer
289,Cecile,Chem,Cecile.Chem@yopmail.com,Cecile.Chem@gmail.com,firefighter
290,Theodora,Raimondo,Theodora.Raimondo@yopmail.com,Theodora.Raimondo@gmail.com,developer
291,Dede,Wandie,Dede.Wandie@yopmail.com,Dede.Wandie@gmail.com,developer
292,Marguerite,Lia,Marguerite.Lia@yopmail.com,Marguerite.Lia@gmail.com,worker
293,Kenna,Longfellow,Kenna.Longfellow@yopmail.com,Kenna.Longfellow@gmail.com,firefighter
294,Nita,Harl,Nita.Harl@yopmail.com,Nita.Harl@gmail.com,police officer
295,Carmencita,Travax,Carmencita.Travax@yopmail.com,Carmencita.Travax@gmail.com,police officer
296,Lory,Bouchard,Lory.Bouchard@yopmail.com,Lory.Bouchard@gmail.com,worker
297,Kerrin,Monaco,Kerrin.Monaco@yopmail.com,Kerrin.Monaco@gmail.com,police officer
298,Correy,Martsen,Correy.Martsen@yopmail.com,Correy.Martsen@gmail.com,worker
299,Elie,Ashely,Elie.Ashely@yopmail.com,Elie.Ashely@gmail.com,doctor
300,Gisela,Infield,Gisela.Infield@yopmail.com,Gisela.Infield@gmail.com,firefighter
301,Debee,Cavan,Debee.Cavan@yopmail.com,Debee.Cavan@gmail.com,firefighter
302,Tatiania,Cleo,Tatiania.Cleo@yopmail.com,Tatiania.Cleo@gmail.com,worker
303,Raina,Wilkinson,Raina.Wilkinson@yopmail.com,Raina.Wilkinson@gmail.com,firefighter
304,Daune,Slifka,Daune.Slifka@yopmail.com,Daune.Slifka@gmail.com,police officer
305,Wanda,Kinnard,Wanda.Kinnard@yopmail.com,Wanda.Kinnard@gmail.com,firefighter
306,Marline,Wittie,Marline.Wittie@yopmail.com,Marline.Wittie@gmail.com,firefighter
307,Lenna,Greenwald,Lenna.Greenwald@yopmail.com,Lenna.Greenwald@gmail.com,worker
308,Valera,Elephus,Valera.Elephus@yopmail.com,Valera.Elephus@gmail.com,worker
309,Charlena,Billye,Charlena.Billye@yopmail.com,Charlena.Billye@gmail.com,police officer
310,Fawne,Briney,Fawne.Briney@yopmail.com,Fawne.Briney@gmail.com,police officer
311,Karena,Weinreb,Karena.Weinreb@yopmail.com,Karena.Weinreb@gmail.com,doctor
312,Hayley,Diogenes,Hayley.Diogenes@yopmail.com,Hayley.Diogenes@gmail.com,firefighter
313,Teddie,Killigrew,Teddie.Killigrew@yopmail.com,Teddie.Killigrew@gmail.com,worker
314,Gianina,Sparhawk,Gianina.Sparhawk@yopmail.com,Gianina.Sparhawk@gmail.com,doctor
315,Genovera,Concha,Genovera.Concha@yopmail.com,Genovera.Concha@gmail.com,worker
316,Celisse,Saint,Celisse.Saint@yopmail.com,Celisse.Saint@gmail.com,doctor
317,Goldie,Fiann,Goldie.Fiann@yopmail.com,Goldie.Fiann@gmail.com,worker
318,Cristine,Alice,Cristine.Alice@yopmail.com,Cristine.Alice@gmail.com,worker
319,Dolli,Dudley,Dolli.Dudley@yopmail.com,Dolli.Dudley@gmail.com,worker
320,Phedra,Faria,Phedra.Faria@yopmail.com,Phedra.Faria@gmail.com,worker
321,Hermione,Monaco,Hermione.Monaco@yopmail.com,Hermione.Monaco@gmail.com,doctor
322,Karena,Bertold,Karena.Bertold@yopmail.com,Karena.Bertold@gmail.com,police officer
323,Blake,Hourigan,Blake.Hourigan@yopmail.com,Blake.Hourigan@gmail.com,firefighter
324,Elka,Willie,Elka.Willie@yopmail.com,Elka.Willie@gmail.com,worker
325,Talya,Vanni,Talya.Vanni@yopmail.com,Talya.Vanni@gmail.com,developer
326,Queenie,Revkah,Queenie.Revkah@yopmail.com,Queenie.Revkah@gmail.com,firefighter
327,Ethel,Durware,Ethel.Durware@yopmail.com,Ethel.Durware@gmail.com,firefighter
328,Jackie,Goddard,Jackie.Goddard@yopmail.com,Jackie.Goddard@gmail.com,firefighter
329,Kirbee,Kosey,Kirbee.Kosey@yopmail.com,Kirbee.Kosey@gmail.com,developer
330,Therine,Bach,Therine.Bach@yopmail.com,Therine.Bach@gmail.com,worker
331,Carlie,Sadowski,Carlie.Sadowski@yopmail.com,Carlie.Sadowski@gmail.com,police officer
332,Mellicent,Pozzy,Mellicent.Pozzy@yopmail.com,Mellicent.Pozzy@gmail.com,doctor
333,Ekaterina,Loleta,Ekaterina.Loleta@yopmail.com,Ekaterina.Loleta@gmail.com,police officer
334,Carolina,Seagraves,Carolina.Seagraves@yopmail.com,Carolina.Seagraves@gmail.com,police officer
335,Marsiella,Macey,Marsiella.Macey@yopmail.com,Marsiella.Macey@gmail.com,worker
336,Nita,Telfer,Nita.Telfer@yopmail.com,Nita.Telfer@gmail.com,doctor
337,Corly,Parsaye,Corly.Parsaye@yopmail.com,Corly.Parsaye@gmail.com,developer
338,Tera,Seligman,Tera.Seligman@yopmail.com,Tera.Seligman@gmail.com,firefighter
339,Kaia,Roscoe,Kaia.Roscoe@yopmail.com,Kaia.Roscoe@gmail.com,worker
340,Janenna,Ciapas,Janenna.Ciapas@yopmail.com,Janenna.Ciapas@gmail.com,worker
341,Tori,Tremayne,Tori.Tremayne@yopmail.com,Tori.Tremayne@gmail.com,doctor
342,Reeba,Jacinda,Reeba.Jacinda@yopmail.com,Reeba.Jacinda@gmail.com,developer
343,Linzy,Himelman,Linzy.Himelman@yopmail.com,Linzy.Himelman@gmail.com,doctor
344,Ingrid,Stevy,Ingrid.Stevy@yopmail.com,Ingrid.Stevy@gmail.com,worker
345,Bernardine,MacIntosh,Bernardine.MacIntosh@yopmail.com,Bernardine.MacIntosh@gmail.com,developer
346,Chastity,Orpah,Chastity.Orpah@yopmail.com,Chastity.Orpah@gmail.com,worker
347,Silvana,Erlandson,Silvana.Erlandson@yopmail.com,Silvana.Erlandson@gmail.com,worker
348,Jean,Abram,Jean.Abram@yopmail.com,Jean.Abram@gmail.com,worker
349,Berta,Remmer,Berta.Remmer@yopmail.com,Berta.Remmer@gmail.com,doctor
350,Trixi,Vastah,Trixi.Vastah@yopmail.com,Trixi.Vastah@gmail.com,doctor
351,Lonnie,Daegal,Lonnie.Daegal@yopmail.com,Lonnie.Daegal@gmail.com,doctor
352,Tabbatha,Ephrem,Tabbatha.Ephrem@yopmail.com,Tabbatha.Ephrem@gmail.com,police officer
353,Suzette,Hanleigh,Suzette.Hanleigh@yopmail.com,Suzette.Hanleigh@gmail.com,doctor
354,Carmela,Doig,Carmela.Doig@yopmail.com,Carmela.Doig@gmail.com,developer
355,Fred,Uund,Fred.Uund@yopmail.com,Fred.Uund@gmail.com,developer
356,Rhoda,Ortrude,Rhoda.Ortrude@yopmail.com,Rhoda.Ortrude@gmail.com,police officer
357,Kerrin,Gabrielli,Kerrin.Gabrielli@yopmail.com,Kerrin.Gabrielli@gmail.com,worker
358,Minda,Revkah,Minda.Revkah@yopmail.com,Minda.Revkah@gmail.com,firefighter
359,Monika,Sibyls,Monika.Sibyls@yopmail.com,Monika.Sibyls@gmail.com,police officer
360,Lindie,Kristi,Lindie.Kristi@yopmail.com,Lindie.Kristi@gmail.com,police officer
361,Agathe,Judye,Agathe.Judye@yopmail.com,Agathe.Judye@gmail.com,doctor
362,Karolina,Edvard,Karolina.Edvard@yopmail.com,Karolina.Edvard@gmail.com,worker
363,Gusella,Xerxes,Gusella.Xerxes@yopmail.com,Gusella.Xerxes@gmail.com,developer
364,Linet,Brodench,Linet.Brodench@yopmail.com,Linet.Brodench@gmail.com,police officer
365,Jackie,Munn,Jackie.Munn@yopmail.com,Jackie.Munn@gmail.com,doctor
366,Loree,Hebner,Loree.Hebner@yopmail.com,Loree.Hebner@gmail.com,developer
367,Tilly,Huggins,Tilly.Huggins@yopmail.com,Tilly.Huggins@gmail.com,worker
368,Lacie,Wooster,Lacie.Wooster@yopmail.com,Lacie.Wooster@gmail.com,firefighter
369,Selia,Mullane,Selia.Mullane@yopmail.com,Selia.Mullane@gmail.com,doctor
370,Pierette,Richers,Pierette.Richers@yopmail.com,Pierette.Richers@gmail.com,firefighter
371,Norine,Gherardo,Norine.Gherardo@yopmail.com,Norine.Gherardo@gmail.com,firefighter
372,Shirlee,Harriman,Shirlee.Harriman@yopmail.com,Shirlee.Harriman@gmail.com,worker
373,Gisela,Claudine,Gisela.Claudine@yopmail.com,Gisela.Claudine@gmail.com,doctor
374,Allyce,McGrody,Allyce.McGrody@yopmail.com,Allyce.McGrody@gmail.com,firefighter
375,Blake,Japeth,Blake.Japeth@yopmail.com,Blake.Japeth@gmail.com,worker
376,Ellette,Virgin,Ellette.Virgin@yopmail.com,Ellette.Virgin@gmail.com,developer
377,Andeee,Bach,Andeee.Bach@yopmail.com,Andeee.Bach@gmail.com,developer
378,Juliane,Maisey,Juliane.Maisey@yopmail.com,Juliane.Maisey@gmail.com,police officer
379,Monika,Campball,Monika.Campball@yopmail.com,Monika.Campball@gmail.com,developer
380,Zaria,Gahl,Zaria.Gahl@yopmail.com,Zaria.Gahl@gmail.com,police officer
381,Karina,Tiffa,Karina.Tiffa@yopmail.com,Karina.Tiffa@gmail.com,doctor
382,Bertine,Brandice,Bertine.Brandice@yopmail.com,Bertine.Brandice@gmail.com,worker
383,Belva,Sikorski,Belva.Sikorski@yopmail.com,Belva.Sikorski@gmail.com,doctor
384,Nicoli,Carolin,Nicoli.Carolin@yopmail.com,Nicoli.Carolin@gmail.com,doctor
385,Teriann,Doig,Teriann.Doig@yopmail.com,Teriann.Doig@gmail.com,worker
386,Deloria,Scammon,Deloria.Scammon@yopmail.com,Deloria.Scammon@gmail.com,police officer
387,Keelia,Medrek,Keelia.Medrek@yopmail.com,Keelia.Medrek@gmail.com,police officer
388,Jacquetta,Read,Jacquetta.Read@yopmail.com,Jacquetta.Read@gmail.com,worker
389,Jaime,Carleen,Jaime.Carleen@yopmail.com,Jaime.Carleen@gmail.com,doctor
390,Gusty,Pauly,Gusty.Pauly@yopmail.com,Gusty.Pauly@gmail.com,firefighter
391,Cyndie,Remmer,Cyndie.Remmer@yopmail.com,Cyndie.Remmer@gmail.com,firefighter
392,Rivalee,Bryna,Rivalee.Bryna@yopmail.com,Rivalee.Bryna@gmail.com,worker
393,Marti,Karylin,Marti.Karylin@yopmail.com,Marti.Karylin@gmail.com,developer
394,Lynde,Felizio,Lynde.Felizio@yopmail.com,Lynde.Felizio@gmail.com,police officer
395,Annice,Alarise,Annice.Alarise@yopmail.com,Annice.Alarise@gmail.com,worker
396,Christian,Forrer,Christian.Forrer@yopmail.com,Christian.Forrer@gmail.com,doctor
397,Max,Tannie,Max.Tannie@yopmail.com,Max.Tannie@gmail.com,police officer
398,Justinn,Himelman,Justinn.Himelman@yopmail.com,Justinn.Himelman@gmail.com,firefighter
399,Demetris,Bearnard,Demetris.Bearnard@yopmail.com,Demetris.Bearnard@gmail.com,doctor
400,Therine,Mich,Therine.Mich@yopmail.com,Therine.Mich@gmail.com,firefighter
401,Steffane,Callista,Steffane.Callista@yopmail.com,Steffane.Callista@gmail.com,police officer
402,Demetris,Jary,Demetris.Jary@yopmail.com,Demetris.Jary@gmail.com,doctor
403,Shirlee,Prober,Shirlee.Prober@yopmail.com,Shirlee.Prober@gmail.com,firefighter
404,Zaria,Charity,Zaria.Charity@yopmail.com,Zaria.Charity@gmail.com,firefighter
405,Verla,Gale,Verla.Gale@yopmail.com,Verla.Gale@gmail.com,police officer
406,Ekaterina,Melleta,Ekaterina.Melleta@yopmail.com,Ekaterina.Melleta@gmail.com,police officer
407,Jaime,Infield,Jaime.Infield@yopmail.com,Jaime.Infield@gmail.com,firefighter
408,Camile,Bonucci,Camile.Bonucci@yopmail.com,Camile.Bonucci@gmail.com,doctor
409,Wynne,Horan,Wynne.Horan@yopmail.com,Wynne.Horan@gmail.com,firefighter
410,Cristine,Ambrosia,Cristine.Ambrosia@yopmail.com,Cristine.Ambrosia@gmail.com,worker
411,Raquela,Pacorro,Raquela.Pacorro@yopmail.com,Raquela.Pacorro@gmail.com,police officer
412,Lynde,Khorma,Lynde.Khorma@yopmail.com,Lynde.Khorma@gmail.com,police officer
413,Elena,Bethany,Elena.Bethany@yopmail.com,Elena.Bethany@gmail.com,worker
414,Ginnie,Tiffa,Ginnie.Tiffa@yopmail.com,Ginnie.Tiffa@gmail.com,doctor
415,Ivett,Redmond,Ivett.Redmond@yopmail.com,Ivett.Redmond@gmail.com,police officer
416,Vevay,Anastatius,Vevay.Anastatius@yopmail.com,Vevay.Anastatius@gmail.com,developer
417,Layla,Gherardo,Layla.Gherardo@yopmail.com,Layla.Gherardo@gmail.com,developer
418,Rori,Matthew,Rori.Matthew@yopmail.com,Rori.Matthew@gmail.com,developer
419,Dulcinea,Kenney,Dulcinea.Kenney@yopmail.com,Dulcinea.Kenney@gmail.com,firefighter
420,Jessamyn,Suk,Jessamyn.Suk@yopmail.com,Jessamyn.Suk@gmail.com,developer
421,Carree,Waite,Carree.Waite@yopmail.com,Carree.Waite@gmail.com,doctor
422,Coral,Crudden,Coral.Crudden@yopmail.com,Coral.Crudden@gmail.com,worker
423,Wynne,Etom,Wynne.Etom@yopmail.com,Wynne.Etom@gmail.com,doctor
424,Steffane,Jagir,Steffane.Jagir@yopmail.com,Steffane.Jagir@gmail.com,doctor
425,Candi,Minetta,Candi.Minetta@yopmail.com,Candi.Minetta@gmail.com,police officer
426,Lanae,Israeli,Lanae.Israeli@yopmail.com,Lanae.Israeli@gmail.com,doctor
427,Correy,Cecile,Correy.Cecile@yopmail.com,Correy.Cecile@gmail.com,worker
428,Kristina,Reidar,Kristina.Reidar@yopmail.com,Kristina.Reidar@gmail.com,firefighter
429,Emelina,Glovsky,Emelina.Glovsky@yopmail.com,Emelina.Glovsky@gmail.com,police officer
430,Mahalia,Byrne,Mahalia.Byrne@yopmail.com,Mahalia.Byrne@gmail.com,firefighter
431,Fawne,Niccolo,Fawne.Niccolo@yopmail.com,Fawne.Niccolo@gmail.com,worker
432,Halette,Dorine,Halette.Dorine@yopmail.com,Halette.Dorine@gmail.com,developer
433,Norine,Ophelia,Norine.Ophelia@yopmail.com,Norine.Ophelia@gmail.com,firefighter
434,Veda,Arquit,Veda.Arquit@yopmail.com,Veda.Arquit@gmail.com,firefighter
435,Dagmar,McNully,Dagmar.McNully@yopmail.com,Dagmar.McNully@gmail.com,developer
436,Rivalee,Lay,Rivalee.Lay@yopmail.com,Rivalee.Lay@gmail.com,developer
437,Shirlee,Dermott,Shirlee.Dermott@yopmail.com,Shirlee.Dermott@gmail.com,worker
438,Jackie,Harned,Jackie.Harned@yopmail.com,Jackie.Harned@gmail.com,firefighter
439,Michaelina,Fulmer,Michaelina.Fulmer@yopmail.com,Michaelina.Fulmer@gmail.com,developer
440,Adriana,Jillane,Adriana.Jillane@yopmail.com,Adriana.Jillane@gmail.com,police officer
441,Merci,Verger,Merci.Verger@yopmail.com,Merci.Verger@gmail.com,developer
442,Glynnis,Hachmin,Glynnis.Hachmin@yopmail.com,Glynnis.Hachmin@gmail.com,police officer
443,Sibella,Sadowski,Sibella.Sadowski@yopmail.com,Sibella.Sadowski@gmail.com,firefighter
444,Vevay,Hanshaw,Vevay.Hanshaw@yopmail.com,Vevay.Hanshaw@gmail.com,police officer
445,Jemie,Giule,Jemie.Giule@yopmail.com,Jemie.Giule@gmail.com,police officer
446,Lorne,Seagraves,Lorne.Seagraves@yopmail.com,Lorne.Seagraves@gmail.com,doctor
447,Bibby,Maisey,Bibby.Maisey@yopmail.com,Bibby.Maisey@gmail.com,worker
448,Elora,Belanger,Elora.Belanger@yopmail.com,Elora.Belanger@gmail.com,developer
449,Emylee,Stefa,Emylee.Stefa@yopmail.com,Emylee.Stefa@gmail.com,firefighter
450,Karina,Erich,Karina.Erich@yopmail.com,Karina.Erich@gmail.com,doctor
451,Dorothy,Leifeste,Dorothy.Leifeste@yopmail.com,Dorothy.Leifeste@gmail.com,doctor
452,Elena,Johnsson,Elena.Johnsson@yopmail.com,Elena.Johnsson@gmail.com,worker
453,Katuscha,Center,Katuscha.Center@yopmail.com,Katuscha.Center@gmail.com,police officer
454,Wilma,Hourigan,Wilma.Hourigan@yopmail.com,Wilma.Hourigan@gmail.com,developer
455,Marnia,Miru,Marnia.Miru@yopmail.com,Marnia.Miru@gmail.com,developer
456,Edyth,Brodench,Edyth.Brodench@yopmail.com,Edyth.Brodench@gmail.com,worker
457,Margarette,Dannye,Margarette.Dannye@yopmail.com,Margarette.Dannye@gmail.com,police officer
458,Elie,Rossner,Elie.Rossner@yopmail.com,Elie.Rossner@gmail.com,developer
459,Babita,Allys,Babita.Allys@yopmail.com,Babita.Allys@gmail.com,firefighter
460,Kerrin,Alexandr,Kerrin.Alexandr@yopmail.com,Kerrin.Alexandr@gmail.com,developer
461,Nikki,Saree,Nikki.Saree@yopmail.com,Nikki.Saree@gmail.com,police officer
462,Aaren,Ries,Aaren.Ries@yopmail.com,Aaren.Ries@gmail.com,worker
463,Jorry,Barrus,Jorry.Barrus@yopmail.com,Jorry.Barrus@gmail.com,worker
464,Lindie,Bonucci,Lindie.Bonucci@yopmail.com,Lindie.Bonucci@gmail.com,police officer
465,Aaren,Firmin,Aaren.Firmin@yopmail.com,Aaren.Firmin@gmail.com,worker
466,Anica,Chick,Anica.Chick@yopmail.com,Anica.Chick@gmail.com,firefighter
467,Sharlene,Harned,Sharlene.Harned@yopmail.com,Sharlene.Harned@gmail.com,worker
468,Feliza,Sasnett,Feliza.Sasnett@yopmail.com,Feliza.Sasnett@gmail.com,doctor
469,Agathe,Erlandson,Agathe.Erlandson@yopmail.com,Agathe.Erlandson@gmail.com,doctor
470,Cherilyn,Lytton,Cherilyn.Lytton@yopmail.com,Cherilyn.Lytton@gmail.com,police officer
471,Mariele,Daegal,Mariele.Daegal@yopmail.com,Mariele.Daegal@gmail.com,police officer
472,Katharina,Persse,Katharina.Persse@yopmail.com,Katharina.Persse@gmail.com,police officer
473,Aurore,Destinee,Aurore.Destinee@yopmail.com,Aurore.Destinee@gmail.com,worker
474,Julieta,Jalbert,Julieta.Jalbert@yopmail.com,Julieta.Jalbert@gmail.com,firefighter
475,Helsa,Standing,Helsa.Standing@yopmail.com,Helsa.Standing@gmail.com,worker
476,Jacenta,Kazimir,Jacenta.Kazimir@yopmail.com,Jacenta.Kazimir@gmail.com,firefighter
477,Daune,Liva,Daune.Liva@yopmail.com,Daune.Liva@gmail.com,firefighter
478,Doralynne,Means,Doralynne.Means@yopmail.com,Doralynne.Means@gmail.com,doctor
479,Catrina,Toni,Catrina.Toni@yopmail.com,Catrina.Toni@gmail.com,worker
480,Valeda,Rozanna,Valeda.Rozanna@yopmail.com,Valeda.Rozanna@gmail.com,worker
481,Annabela,Goerke,Annabela.Goerke@yopmail.com,Annabela.Goerke@gmail.com,doctor
482,Hermione,Eben,Hermione.Eben@yopmail.com,Hermione.Eben@gmail.com,developer
483,Cassandra,Keily,Cassandra.Keily@yopmail.com,Cassandra.Keily@gmail.com,worker
484,Goldie,Pettiford,Goldie.Pettiford@yopmail.com,Goldie.Pettiford@gmail.com,doctor
485,Althea,Raama,Althea.Raama@yopmail.com,Althea.Raama@gmail.com,worker
486,Tressa,Rubie,Tressa.Rubie@yopmail.com,Tressa.Rubie@gmail.com,doctor
487,Ninnetta,Jehu,Ninnetta.Jehu@yopmail.com,Ninnetta.Jehu@gmail.com,worker
488,Bettine,Lilas,Bettine.Lilas@yopmail.com,Bettine.Lilas@gmail.com,police officer
489,Katuscha,Ummersen,Katuscha.Ummersen@yopmail.com,Katuscha.Ummersen@gmail.com,police officer
490,Deane,Ehrman,Deane.Ehrman@yopmail.com,Deane.Ehrman@gmail.com,firefighter
491,Lindie,Donoghue,Lindie.Donoghue@yopmail.com,Lindie.Donoghue@gmail.com,firefighter
492,Nollie,Marlie,Nollie.Marlie@yopmail.com,Nollie.Marlie@gmail.com,police officer
493,Jessy,Ietta,Jessy.Ietta@yopmail.com,Jessy.Ietta@gmail.com,developer
494,Meg,Rese,Meg.Rese@yopmail.com,Meg.Rese@gmail.com,worker
495,Vinita,Trinetta,Vinita.Trinetta@yopmail.com,Vinita.Trinetta@gmail.com,police officer
496,Miquela,Garbe,Miquela.Garbe@yopmail.com,Miquela.Garbe@gmail.com,worker
497,Elmira,Felecia,Elmira.Felecia@yopmail.com,Elmira.Felecia@gmail.com,police officer
498,Sibella,Carleen,Sibella.Carleen@yopmail.com,Sibella.Carleen@gmail.com,developer
499,Phylis,Candy,Phylis.Candy@yopmail.com,Phylis.Candy@gmail.com,police officer
500,Adriana,Philipp,Adriana.Philipp@yopmail.com,Adriana.Philipp@gmail.com,worker
501,Perry,Dorcy,Perry.Dorcy@yopmail.com,Perry.Dorcy@gmail.com,firefighter
502,Phedra,Joeann,Phedra.Joeann@yopmail.com,Phedra.Joeann@gmail.com,worker
503,Kara-Lynn,Persse,Kara-Lynn.Persse@yopmail.com,Kara-Lynn.Persse@gmail.com,doctor
504,Sonni,Cohdwell,Sonni.Cohdwell@yopmail.com,Sonni.Cohdwell@gmail.com,worker
505,Brynna,Quent,Brynna.Quent@yopmail.com,Brynna.Quent@gmail.com,police officer
506,Phedra,Wu,Phedra.Wu@yopmail.com,Phedra.Wu@gmail.com,police officer
507,Mellicent,Shanley,Mellicent.Shanley@yopmail.com,Mellicent.Shanley@gmail.com,developer
508,Heddie,Darrell,Heddie.Darrell@yopmail.com,Heddie.Darrell@gmail.com,developer
509,Wanda,Kesley,Wanda.Kesley@yopmail.com,Wanda.Kesley@gmail.com,police officer
510,Gwenneth,Schenck,Gwenneth.Schenck@yopmail.com,Gwenneth.Schenck@gmail.com,firefighter
511,Gratia,Azeria,Gratia.Azeria@yopmail.com,Gratia.Azeria@gmail.com,developer
512,Andeee,Kamaria,Andeee.Kamaria@yopmail.com,Andeee.Kamaria@gmail.com,doctor
513,Theodora,Hachmin,Theodora.Hachmin@yopmail.com,Theodora.Hachmin@gmail.com,doctor
514,Hermione,Alcott,Hermione.Alcott@yopmail.com,Hermione.Alcott@gmail.com,developer
515,Antonietta,Leffen,Antonietta.Leffen@yopmail.com,Antonietta.Leffen@gmail.com,police officer
516,Selma,Oscar,Selma.Oscar@yopmail.com,Selma.Oscar@gmail.com,worker
517,Zsa Zsa,Bonilla,Zsa Zsa.Bonilla@yopmail.com,Zsa Zsa.Bonilla@gmail.com,doctor
518,Peri,Niccolo,Peri.Niccolo@yopmail.com,Peri.Niccolo@gmail.com,developer
519,Jinny,Ambrosia,Jinny.Ambrosia@yopmail.com,Jinny.Ambrosia@gmail.com,doctor
520,Neila,Amadas,Neila.Amadas@yopmail.com,Neila.Amadas@gmail.com,developer
521,Micheline,Odell,Micheline.Odell@yopmail.com,Micheline.Odell@gmail.com,police officer
522,Valera,Ranjiv,Valera.Ranjiv@yopmail.com,Valera.Ranjiv@gmail.com,firefighter
523,Veda,Pernick,Veda.Pernick@yopmail.com,Veda.Pernick@gmail.com,doctor
524,Korrie,Anyah,Korrie.Anyah@yopmail.com,Korrie.Anyah@gmail.com,police officer
525,Rhea,Sadowski,Rhea.Sadowski@yopmail.com,Rhea.Sadowski@gmail.com,firefighter
526,Mireielle,Joseph,Mireielle.Joseph@yopmail.com,Mireielle.Joseph@gmail.com,police officer
527,Sibella,Lanita,Sibella.Lanita@yopmail.com,Sibella.Lanita@gmail.com,developer
528,Clarice,Jobi,Clarice.Jobi@yopmail.com,Clarice.Jobi@gmail.com,firefighter
529,Bee,Fairweather,Bee.Fairweather@yopmail.com,Bee.Fairweather@gmail.com,developer
530,Phylis,Ethban,Phylis.Ethban@yopmail.com,Phylis.Ethban@gmail.com,firefighter
531,Celisse,Tiffa,Celisse.Tiffa@yopmail.com,Celisse.Tiffa@gmail.com,doctor
532,Tani,Keelia,Tani.Keelia@yopmail.com,Tani.Keelia@gmail.com,firefighter
533,Caritta,Raseda,Caritta.Raseda@yopmail.com,Caritta.Raseda@gmail.com,police officer
534,Yolane,Palocz,Yolane.Palocz@yopmail.com,Yolane.Palocz@gmail.com,firefighter
535,Stevana,Ajay,Stevana.Ajay@yopmail.com,Stevana.Ajay@gmail.com,doctor
536,Dyann,Dyche,Dyann.Dyche@yopmail.com,Dyann.Dyche@gmail.com,doctor
537,Hollie,Seumas,Hollie.Seumas@yopmail.com,Hollie.Seumas@gmail.com,worker
538,Malina,Toffic,Malina.Toffic@yopmail.com,Malina.Toffic@gmail.com,firefighter
539,Ana,Shelba,Ana.Shelba@yopmail.com,Ana.Shelba@gmail.com,doctor
540,Lila,Gibbeon,Lila.Gibbeon@yopmail.com,Lila.Gibbeon@gmail.com,firefighter
541,Margalo,Woodberry,Margalo.Woodberry@yopmail.com,Margalo.Woodberry@gmail.com,police officer
542,Merry,Nisbet,Merry.Nisbet@yopmail.com,Merry.Nisbet@gmail.com,police officer
543,Tersina,Hunfredo,Tersina.Hunfredo@yopmail.com,Tersina.Hunfredo@gmail.com,developer
544,Pamella,Thomasina,Pamella.Thomasina@yopmail.com,Pamella.Thomasina@gmail.com,doctor
545,Gusty,Etom,Gusty.Etom@yopmail.com,Gusty.Etom@gmail.com,doctor
546,Averyl,Grobe,Averyl.Grobe@yopmail.com,Averyl.Grobe@gmail.com,doctor
547,Sindee,Whittaker,Sindee.Whittaker@yopmail.com,Sindee.Whittaker@gmail.com,developer
548,Halette,Pearse,Halette.Pearse@yopmail.com,Halette.Pearse@gmail.com,police officer
549,Berget,Haldas,Berget.Haldas@yopmail.com,Berget.Haldas@gmail.com,developer
550,Cathyleen,Pattin,Cathyleen.Pattin@yopmail.com,Cathyleen.Pattin@gmail.com,worker
551,Sadie,Drisko,Sadie.Drisko@yopmail.com,Sadie.Drisko@gmail.com,doctor
552,Queenie,Ortrude,Queenie.Ortrude@yopmail.com,Queenie.Ortrude@gmail.com,firefighter
553,Roxane,Kaete,Roxane.Kaete@yopmail.com,Roxane.Kaete@gmail.com,police officer
554,Ermengarde,Odell,Ermengarde.Odell@yopmail.com,Ermengarde.Odell@gmail.com,firefighter
555,Elbertina,Dreda,Elbertina.Dreda@yopmail.com,Elbertina.Dreda@gmail.com,police officer
556,Hollie,Lewes,Hollie.Lewes@yopmail.com,Hollie.Lewes@gmail.com,developer
557,Alyda,Burkle,Alyda.Burkle@yopmail.com,Alyda.Burkle@gmail.com,firefighter
558,Drucie,MacIntosh,Drucie.MacIntosh@yopmail.com,Drucie.MacIntosh@gmail.com,developer
559,Belva,Bearnard,Belva.Bearnard@yopmail.com,Belva.Bearnard@gmail.com,firefighter
560,Darci,Kravits,Darci.Kravits@yopmail.com,Darci.Kravits@gmail.com,doctor
561,Cassondra,Maples,Cassondra.Maples@yopmail.com,Cassondra.Maples@gmail.com,worker
562,Shirlee,Orlene,Shirlee.Orlene@yopmail.com,Shirlee.Orlene@gmail.com,police officer
563,Neila,Maples,Neila.Maples@yopmail.com,Neila.Maples@gmail.com,doctor
564,Janeczka,Elvyn,Janeczka.Elvyn@yopmail.com,Janeczka.Elvyn@gmail.com,firefighter
565,Tobe,Andrel,Tobe.Andrel@yopmail.com,Tobe.Andrel@gmail.com,police officer
566,Zondra,Garek,Zondra.Garek@yopmail.com,Zondra.Garek@gmail.com,police officer
567,Vonny,Thunell,Vonny.Thunell@yopmail.com,Vonny.Thunell@gmail.com,police officer
568,Mathilda,Evvie,Mathilda.Evvie@yopmail.com,Mathilda.Evvie@gmail.com,firefighter
569,Joelly,Niccolo,Joelly.Niccolo@yopmail.com,Joelly.Niccolo@gmail.com,doctor
570,Carree,Haymes,Carree.Haymes@yopmail.com,Carree.Haymes@gmail.com,firefighter
571,Rochette,Durware,Rochette.Durware@yopmail.com,Rochette.Durware@gmail.com,worker
572,Agnese,Delp,Agnese.Delp@yopmail.com,Agnese.Delp@gmail.com,doctor
573,Linzy,Goode,Linzy.Goode@yopmail.com,Linzy.Goode@gmail.com,worker
574,Delilah,Timon,Delilah.Timon@yopmail.com,Delilah.Timon@gmail.com,police officer
575,Deedee,Berne,Deedee.Berne@yopmail.com,Deedee.Berne@gmail.com,firefighter
576,Meg,Bibi,Meg.Bibi@yopmail.com,Meg.Bibi@gmail.com,firefighter
577,Hollie,Earlie,Hollie.Earlie@yopmail.com,Hollie.Earlie@gmail.com,developer
578,Annaliese,Hachmin,Annaliese.Hachmin@yopmail.com,Annaliese.Hachmin@gmail.com,developer
579,Lenna,Bartlett,Lenna.Bartlett@yopmail.com,Lenna.Bartlett@gmail.com,developer
580,Dotty,Zetta,Dotty.Zetta@yopmail.com,Dotty.Zetta@gmail.com,police officer
581,Morganica,Maxi,Morganica.Maxi@yopmail.com,Morganica.Maxi@gmail.com,doctor
582,Joelly,Ellerey,Joelly.Ellerey@yopmail.com,Joelly.Ellerey@gmail.com,police officer
583,Eugine,Dorothy,Eugine.Dorothy@yopmail.com,Eugine.Dorothy@gmail.com,developer
584,Starla,Gaulin,Starla.Gaulin@yopmail.com,Starla.Gaulin@gmail.com,firefighter
585,Kathy,Carbo,Kathy.Carbo@yopmail.com,Kathy.Carbo@gmail.com,developer
586,Mara,McAdams,Mara.McAdams@yopmail.com,Mara.McAdams@gmail.com,developer
587,Kristina,Whiffen,Kristina.Whiffen@yopmail.com,Kristina.Whiffen@gmail.com,firefighter
588,Roz,Dulciana,Roz.Dulciana@yopmail.com,Roz.Dulciana@gmail.com,developer
589,Marylou,Ruvolo,Marylou.Ruvolo@yopmail.com,Marylou.Ruvolo@gmail.com,doctor
590,Alisha,Valerio,Alisha.Valerio@yopmail.com,Alisha.Valerio@gmail.com,police officer
591,Ekaterina,Denis,Ekaterina.Denis@yopmail.com,Ekaterina.Denis@gmail.com,doctor
592,Dotty,Raseda,Dotty.Raseda@yopmail.com,Dotty.Raseda@gmail.com,worker
593,Madalyn,Land,Madalyn.Land@yopmail.com,Madalyn.Land@gmail.com,doctor
594,Codie,Zrike,Codie.Zrike@yopmail.com,Codie.Zrike@gmail.com,firefighter
595,Odessa,Margarete,Odessa.Margarete@yopmail.com,Odessa.Margarete@gmail.com,doctor
596,Hollie,Cassius,Hollie.Cassius@yopmail.com,Hollie.Cassius@gmail.com,police officer
597,Lauryn,Stacy,Lauryn.Stacy@yopmail.com,Lauryn.Stacy@gmail.com,worker
598,Kassey,Lacombe,Kassey.Lacombe@yopmail.com,Kassey.Lacombe@gmail.com,firefighter
599,Roslyn,Kaete,Roslyn.Kaete@yopmail.com,Roslyn.Kaete@gmail.com,firefighter
600,Stacey,Faro,Stacey.Faro@yopmail.com,Stacey.Faro@gmail.com,police officer
601,Carly,Dulciana,Carly.Dulciana@yopmail.com,Carly.Dulciana@gmail.com,firefighter
602,Janeczka,Laverne,Janeczka.Laverne@yopmail.com,Janeczka.Laverne@gmail.com,worker
603,Di,Holtz,Di.Holtz@yopmail.com,Di.Holtz@gmail.com,developer
604,Gusty,Franza,Gusty.Franza@yopmail.com,Gusty.Franza@gmail.com,firefighter
605,Tomasina,Chrystel,Tomasina.Chrystel@yopmail.com,Tomasina.Chrystel@gmail.com,developer
606,Claudina,Bashemeth,Claudina.Bashemeth@yopmail.com,Claudina.Bashemeth@gmail.com,worker
607,Taffy,Weinreb,Taffy.Weinreb@yopmail.com,Taffy.Weinreb@gmail.com,developer
608,Juliane,Melony,Juliane.Melony@yopmail.com,Juliane.Melony@gmail.com,police officer
609,Lexine,Engdahl,Lexine.Engdahl@yopmail.com,Lexine.Engdahl@gmail.com,doctor
610,Reeba,Merat,Reeba.Merat@yopmail.com,Reeba.Merat@gmail.com,doctor
611,Flory,Malanie,Flory.Malanie@yopmail.com,Flory.Malanie@gmail.com,doctor
612,Karlee,Hamil,Karlee.Hamil@yopmail.com,Karlee.Hamil@gmail.com,police officer
613,Jasmina,Girardo,Jasmina.Girardo@yopmail.com,Jasmina.Girardo@gmail.com,firefighter
614,Hermione,Zamora,Hermione.Zamora@yopmail.com,Hermione.Zamora@gmail.com,firefighter
615,Nariko,Daniele,Nariko.Daniele@yopmail.com,Nariko.Daniele@gmail.com,firefighter
616,Annora,Junie,Annora.Junie@yopmail.com,Annora.Junie@gmail.com,developer
617,Corry,Georas,Corry.Georas@yopmail.com,Corry.Georas@gmail.com,firefighter
618,Monika,Ethban,Monika.Ethban@yopmail.com,Monika.Ethban@gmail.com,police officer
619,Courtnay,Uird,Courtnay.Uird@yopmail.com,Courtnay.Uird@gmail.com,firefighter
620,Clementine,Katrine,Clementine.Katrine@yopmail.com,Clementine.Katrine@gmail.com,firefighter
621,Ethel,Schenck,Ethel.Schenck@yopmail.com,Ethel.Schenck@gmail.com,firefighter
622,Jerry,Aurelio,Jerry.Aurelio@yopmail.com,Jerry.Aurelio@gmail.com,police officer
623,Madeleine,Germann,Madeleine.Germann@yopmail.com,Madeleine.Germann@gmail.com,doctor
624,Elena,Norrie,Elena.Norrie@yopmail.com,Elena.Norrie@gmail.com,worker
625,Farrah,Cressida,Farrah.Cressida@yopmail.com,Farrah.Cressida@gmail.com,worker
626,Kaia,Azeria,Kaia.Azeria@yopmail.com,Kaia.Azeria@gmail.com,firefighter
627,Evaleen,Elisha,Evaleen.Elisha@yopmail.com,Evaleen.Elisha@gmail.com,developer
628,Tierney,Hilbert,Tierney.Hilbert@yopmail.com,Tierney.Hilbert@gmail.com,developer
629,Livvyy,Leler,Livvyy.Leler@yopmail.com,Livvyy.Leler@gmail.com,firefighter
630,Alleen,Middleton,Alleen.Middleton@yopmail.com,Alleen.Middleton@gmail.com,worker
631,Deloria,Hubert,Deloria.Hubert@yopmail.com,Deloria.Hubert@gmail.com,police officer
632,Mignon,Vittoria,Mignon.Vittoria@yopmail.com,Mignon.Vittoria@gmail.com,worker
633,Danika,Gale,Danika.Gale@yopmail.com,Danika.Gale@gmail.com,worker
634,Mahalia,Margarete,Mahalia.Margarete@yopmail.com,Mahalia.Margarete@gmail.com,doctor
635,Wendi,Audly,Wendi.Audly@yopmail.com,Wendi.Audly@gmail.com,police officer
636,Jacquetta,Larochelle,Jacquetta.Larochelle@yopmail.com,Jacquetta.Larochelle@gmail.com,worker
637,Bobbi,Mott,Bobbi.Mott@yopmail.com,Bobbi.Mott@gmail.com,developer
638,Antonietta,Tengdin,Antonietta.Tengdin@yopmail.com,Antonietta.Tengdin@gmail.com,worker
639,Nonnah,Diann,Nonnah.Diann@yopmail.com,Nonnah.Diann@gmail.com,doctor
640,Perry,Luhe,Perry.Luhe@yopmail.com,Perry.Luhe@gmail.com,worker
641,Lauryn,Janith,Lauryn.Janith@yopmail.com,Lauryn.Janith@gmail.com,worker
642,Anica,Kendrick,Anica.Kendrick@yopmail.com,Anica.Kendrick@gmail.com,police officer
643,Selia,Emmaline,Selia.Emmaline@yopmail.com,Selia.Emmaline@gmail.com,worker
644,Doralynne,Quent,Doralynne.Quent@yopmail.com,Doralynne.Quent@gmail.com,firefighter
645,Basia,Ursulette,Basia.Ursulette@yopmail.com,Basia.Ursulette@gmail.com,police officer
646,Lucille,Rogerio,Lucille.Rogerio@yopmail.com,Lucille.Rogerio@gmail.com,worker
647,Beth,Ariella,Beth.Ariella@yopmail.com,Beth.Ariella@gmail.com,firefighter
648,Gale,Rozanna,Gale.Rozanna@yopmail.com,Gale.Rozanna@gmail.com,firefighter
649,Georgina,Lissi,Georgina.Lissi@yopmail.com,Georgina.Lissi@gmail.com,doctor
650,Goldie,Lalitta,Goldie.Lalitta@yopmail.com,Goldie.Lalitta@gmail.com,worker
651,Allis,Jagir,Allis.Jagir@yopmail.com,Allis.Jagir@gmail.com,developer
652,Dominga,Madox,Dominga.Madox@yopmail.com,Dominga.Madox@gmail.com,doctor
653,Shauna,Tippets,Shauna.Tippets@yopmail.com,Shauna.Tippets@gmail.com,police officer
654,Iseabal,Odysseus,Iseabal.Odysseus@yopmail.com,Iseabal.Odysseus@gmail.com,doctor
655,Edyth,Esmaria,Edyth.Esmaria@yopmail.com,Edyth.Esmaria@gmail.com,worker
656,Molli,Waldron,Molli.Waldron@yopmail.com,Molli.Waldron@gmail.com,developer
657,Katharina,Faro,Katharina.Faro@yopmail.com,Katharina.Faro@gmail.com,doctor
658,Gianina,Nerita,Gianina.Nerita@yopmail.com,Gianina.Nerita@gmail.com,developer
659,Althea,Annice,Althea.Annice@yopmail.com,Althea.Annice@gmail.com,police officer
660,Binny,Creamer,Binny.Creamer@yopmail.com,Binny.Creamer@gmail.com,firefighter
661,Ursulina,Behre,Ursulina.Behre@yopmail.com,Ursulina.Behre@gmail.com,firefighter
662,Lorenza,Rooney,Lorenza.Rooney@yopmail.com,Lorenza.Rooney@gmail.com,firefighter
663,Debee,Jeanne,Debee.Jeanne@yopmail.com,Debee.Jeanne@gmail.com,firefighter
664,Priscilla,Prober,Priscilla.Prober@yopmail.com,Priscilla.Prober@gmail.com,police officer
665,Dione,Gabrielli,Dione.Gabrielli@yopmail.com,Dione.Gabrielli@gmail.com,firefighter
666,Maryellen,Lipson,Maryellen.Lipson@yopmail.com,Maryellen.Lipson@gmail.com,police officer
667,Sharai,Westphal,Sharai.Westphal@yopmail.com,Sharai.Westphal@gmail.com,firefighter
668,Liana,Nickola,Liana.Nickola@yopmail.com,Liana.Nickola@gmail.com,worker
669,Vevay,Maurine,Vevay.Maurine@yopmail.com,Vevay.Maurine@gmail.com,worker
670,Kirstin,Daegal,Kirstin.Daegal@yopmail.com,Kirstin.Daegal@gmail.com,developer
671,Gratia,Iiette,Gratia.Iiette@yopmail.com,Gratia.Iiette@gmail.com,police officer
672,Aeriela,Bohlin,Aeriela.Bohlin@yopmail.com,Aeriela.Bohlin@gmail.com,police officer
673,Sherrie,Virgin,Sherrie.Virgin@yopmail.com,Sherrie.Virgin@gmail.com,police officer
674,Daphne,Annabella,Daphne.Annabella@yopmail.com,Daphne.Annabella@gmail.com,developer
675,Mara,Glovsky,Mara.Glovsky@yopmail.com,Mara.Glovsky@gmail.com,police officer
676,Nataline,Hourigan,Nataline.Hourigan@yopmail.com,Nataline.Hourigan@gmail.com,developer
677,Tobe,Romelda,Tobe.Romelda@yopmail.com,Tobe.Romelda@gmail.com,worker
678,Tiffie,Sprage,Tiffie.Sprage@yopmail.com,Tiffie.Sprage@gmail.com,worker
679,Margalo,Hanshaw,Margalo.Hanshaw@yopmail.com,Margalo.Hanshaw@gmail.com,developer
680,Carmela,Amethist,Carmela.Amethist@yopmail.com,Carmela.Amethist@gmail.com,police officer
681,Merrie,Stephie,Merrie.Stephie@yopmail.com,Merrie.Stephie@gmail.com,firefighter
682,Nonnah,Kimmie,Nonnah.Kimmie@yopmail.com,Nonnah.Kimmie@gmail.com,developer
683,Sibella,Amethist,Sibella.Amethist@yopmail.com,Sibella.Amethist@gmail.com,firefighter
684,Ninnetta,Kazimir,Ninnetta.Kazimir@yopmail.com,Ninnetta.Kazimir@gmail.com,firefighter
685,Carolina,Constancy,Carolina.Constancy@yopmail.com,Carolina.Constancy@gmail.com,firefighter
686,Katleen,Barney,Katleen.Barney@yopmail.com,Katleen.Barney@gmail.com,firefighter
687,Tressa,Belanger,Tressa.Belanger@yopmail.com,Tressa.Belanger@gmail.com,police officer
688,Priscilla,Georas,Priscilla.Georas@yopmail.com,Priscilla.Georas@gmail.com,worker
689,Imojean,Mata,Imojean.Mata@yopmail.com,Imojean.Mata@gmail.com,developer
690,Tera,Anderea,Tera.Anderea@yopmail.com,Tera.Anderea@gmail.com,developer
691,Louella,Pond,Louella.Pond@yopmail.com,Louella.Pond@gmail.com,doctor
692,Lorenza,Autrey,Lorenza.Autrey@yopmail.com,Lorenza.Autrey@gmail.com,firefighter
693,Millie,Diann,Millie.Diann@yopmail.com,Millie.Diann@gmail.com,doctor
694,Antonietta,Shama,Antonietta.Shama@yopmail.com,Antonietta.Shama@gmail.com,firefighter
695,Oona,Buckler,Oona.Buckler@yopmail.com,Oona.Buckler@gmail.com,firefighter
696,Babita,Burkle,Babita.Burkle@yopmail.com,Babita.Burkle@gmail.com,worker
697,Joceline,Dash,Joceline.Dash@yopmail.com,Joceline.Dash@gmail.com,doctor
698,Netty,Schroth,Netty.Schroth@yopmail.com,Netty.Schroth@gmail.com,worker
699,Libbie,Jacqui,Libbie.Jacqui@yopmail.com,Libbie.Jacqui@gmail.com,firefighter
700,Stacey,Giule,Stacey.Giule@yopmail.com,Stacey.Giule@gmail.com,police officer
701,Tabbatha,Annabella,Tabbatha.Annabella@yopmail.com,Tabbatha.Annabella@gmail.com,police officer
702,Lita,Rosemary,Lita.Rosemary@yopmail.com,Lita.Rosemary@gmail.com,police officer
703,Caritta,Donell,Caritta.Donell@yopmail.com,Caritta.Donell@gmail.com,doctor
704,Linet,Chinua,Linet.Chinua@yopmail.com,Linet.Chinua@gmail.com,firefighter
705,Kirstin,Ade,Kirstin.Ade@yopmail.com,Kirstin.Ade@gmail.com,worker
706,Agnese,Zola,Agnese.Zola@yopmail.com,Agnese.Zola@gmail.com,worker
707,Angela,Franza,Angela.Franza@yopmail.com,Angela.Franza@gmail.com,developer
708,Lauryn,Alice,Lauryn.Alice@yopmail.com,Lauryn.Alice@gmail.com,firefighter
709,Margette,Berriman,Margette.Berriman@yopmail.com,Margette.Berriman@gmail.com,worker
710,Nannie,Jacinda,Nannie.Jacinda@yopmail.com,Nannie.Jacinda@gmail.com,firefighter
711,Jillayne,Hollingsworth,Jillayne.Hollingsworth@yopmail.com,Jillayne.Hollingsworth@gmail.com,firefighter
712,Kara-Lynn,Dyche,Kara-Lynn.Dyche@yopmail.com,Kara-Lynn.Dyche@gmail.com,doctor
713,Claudina,Argus,Claudina.Argus@yopmail.com,Claudina.Argus@gmail.com,firefighter
714,Emylee,Lane,Emylee.Lane@yopmail.com,Emylee.Lane@gmail.com,firefighter
715,Elmira,Nedrud,Elmira.Nedrud@yopmail.com,Elmira.Nedrud@gmail.com,firefighter
716,Tani,Goth,Tani.Goth@yopmail.com,Tani.Goth@gmail.com,developer
717,Minda,Linskey,Minda.Linskey@yopmail.com,Minda.Linskey@gmail.com,police officer
718,Dale,Tiffa,Dale.Tiffa@yopmail.com,Dale.Tiffa@gmail.com,police officer
719,Jessy,Bobbee,Jessy.Bobbee@yopmail.com,Jessy.Bobbee@gmail.com,police officer
720,Tersina,Moina,Tersina.Moina@yopmail.com,Tersina.Moina@gmail.com,worker
721,Lolita,Dorine,Lolita.Dorine@yopmail.com,Lolita.Dorine@gmail.com,doctor
722,Allyce,Stelle,Allyce.Stelle@yopmail.com,Allyce.Stelle@gmail.com,firefighter
723,Raina,Chobot,Raina.Chobot@yopmail.com,Raina.Chobot@gmail.com,developer
724,Lisette,Chabot,Lisette.Chabot@yopmail.com,Lisette.Chabot@gmail.com,worker
725,Desirae,Ramona,Desirae.Ramona@yopmail.com,Desirae.Ramona@gmail.com,police officer
726,Ninnetta,Zuzana,Ninnetta.Zuzana@yopmail.com,Ninnetta.Zuzana@gmail.com,firefighter
727,Camile,Tarrant,Camile.Tarrant@yopmail.com,Camile.Tarrant@gmail.com,doctor
728,Audrie,Egbert,Audrie.Egbert@yopmail.com,Audrie.Egbert@gmail.com,developer
729,Eve,McClimans,Eve.McClimans@yopmail.com,Eve.McClimans@gmail.com,police officer
730,Ketti,Hylan,Ketti.Hylan@yopmail.com,Ketti.Hylan@gmail.com,doctor
731,Cecile,Reidar,Cecile.Reidar@yopmail.com,Cecile.Reidar@gmail.com,doctor
732,Aurelie,Payson,Aurelie.Payson@yopmail.com,Aurelie.Payson@gmail.com,developer
733,Susan,Sammons,Susan.Sammons@yopmail.com,Susan.Sammons@gmail.com,developer
734,Paulita,Drisko,Paulita.Drisko@yopmail.com,Paulita.Drisko@gmail.com,police officer
735,Felice,Camden,Felice.Camden@yopmail.com,Felice.Camden@gmail.com,firefighter
736,Rhea,Sholley,Rhea.Sholley@yopmail.com,Rhea.Sholley@gmail.com,doctor
737,Amii,Pyle,Amii.Pyle@yopmail.com,Amii.Pyle@gmail.com,firefighter
738,Hermione,Roarke,Hermione.Roarke@yopmail.com,Hermione.Roarke@gmail.com,firefighter
739,Goldie,Wesle,Goldie.Wesle@yopmail.com,Goldie.Wesle@gmail.com,firefighter
740,Ernesta,Isidore,Ernesta.Isidore@yopmail.com,Ernesta.Isidore@gmail.com,police officer
741,Jessamyn,Oriana,Jessamyn.Oriana@yopmail.com,Jessamyn.Oriana@gmail.com,police officer
742,Adelle,Kylander,Adelle.Kylander@yopmail.com,Adelle.Kylander@gmail.com,police officer
743,Marcelline,Voletta,Marcelline.Voletta@yopmail.com,Marcelline.Voletta@gmail.com,firefighter
744,Madalyn,Ambrosia,Madalyn.Ambrosia@yopmail.com,Madalyn.Ambrosia@gmail.com,firefighter
745,Carly,Barrus,Carly.Barrus@yopmail.com,Carly.Barrus@gmail.com,developer
746,Tera,Gusella,Tera.Gusella@yopmail.com,Tera.Gusella@gmail.com,developer
747,Ashlee,Othilia,Ashlee.Othilia@yopmail.com,Ashlee.Othilia@gmail.com,firefighter
748,Jeanna,Kaja,Jeanna.Kaja@yopmail.com,Jeanna.Kaja@gmail.com,doctor
749,Nerta,Emmaline,Nerta.Emmaline@yopmail.com,Nerta.Emmaline@gmail.com,firefighter
750,Minda,Estella,Minda.Estella@yopmail.com,Minda.Estella@gmail.com,police officer
751,Florencia,Terrence,Florencia.Terrence@yopmail.com,Florencia.Terrence@gmail.com,developer
752,Rosabelle,Jethro,Rosabelle.Jethro@yopmail.com,Rosabelle.Jethro@gmail.com,developer
753,Mureil,Latini,Mureil.Latini@yopmail.com,Mureil.Latini@gmail.com,developer
754,Elie,Gerge,Elie.Gerge@yopmail.com,Elie.Gerge@gmail.com,firefighter
755,Elvira,Abram,Elvira.Abram@yopmail.com,Elvira.Abram@gmail.com,police officer
756,Nessie,Autrey,Nessie.Autrey@yopmail.com,Nessie.Autrey@gmail.com,worker
757,Jemie,Keily,Jemie.Keily@yopmail.com,Jemie.Keily@gmail.com,firefighter
758,Kassey,Charmine,Kassey.Charmine@yopmail.com,Kassey.Charmine@gmail.com,worker
759,Britte,An,Britte.An@yopmail.com,Britte.An@gmail.com,developer
760,Charmaine,Waite,Charmaine.Waite@yopmail.com,Charmaine.Waite@gmail.com,worker
761,Thalia,Kristi,Thalia.Kristi@yopmail.com,Thalia.Kristi@gmail.com,police officer
762,Ashlee,Yam,Ashlee.Yam@yopmail.com,Ashlee.Yam@gmail.com,police officer
763,Krystle,Frodi,Krystle.Frodi@yopmail.com,Krystle.Frodi@gmail.com,firefighter
764,Corina,Daveta,Corina.Daveta@yopmail.com,Corina.Daveta@gmail.com,developer
765,Rhea,Ambrosia,Rhea.Ambrosia@yopmail.com,Rhea.Ambrosia@gmail.com,firefighter
766,Janis,Ursulette,Janis.Ursulette@yopmail.com,Janis.Ursulette@gmail.com,doctor
767,Joceline,Kaete,Joceline.Kaete@yopmail.com,Joceline.Kaete@gmail.com,doctor
768,Dulcinea,Ochs,Dulcinea.Ochs@yopmail.com,Dulcinea.Ochs@gmail.com,developer
769,Genevra,Atcliffe,Genevra.Atcliffe@yopmail.com,Genevra.Atcliffe@gmail.com,firefighter
770,Tierney,Japeth,Tierney.Japeth@yopmail.com,Tierney.Japeth@gmail.com,doctor
771,Brandise,Fink,Brandise.Fink@yopmail.com,Brandise.Fink@gmail.com,developer
772,Lory,Catie,Lory.Catie@yopmail.com,Lory.Catie@gmail.com,police officer
773,Sean,Suzetta,Sean.Suzetta@yopmail.com,Sean.Suzetta@gmail.com,police officer
774,Melodie,Dichy,Melodie.Dichy@yopmail.com,Melodie.Dichy@gmail.com,doctor
775,Karly,Wooster,Karly.Wooster@yopmail.com,Karly.Wooster@gmail.com,firefighter
776,Caritta,Wenoa,Caritta.Wenoa@yopmail.com,Caritta.Wenoa@gmail.com,firefighter
777,Aeriela,Hull,Aeriela.Hull@yopmail.com,Aeriela.Hull@gmail.com,firefighter
778,Rosanne,Kirbee,Rosanne.Kirbee@yopmail.com,Rosanne.Kirbee@gmail.com,police officer
779,Olivette,Roumell,Olivette.Roumell@yopmail.com,Olivette.Roumell@gmail.com,police officer
780,Harrietta,McNully,Harrietta.McNully@yopmail.com,Harrietta.McNully@gmail.com,worker
781,Ronna,Orlene,Ronna.Orlene@yopmail.com,Ronna.Orlene@gmail.com,police officer
782,Brena,Ventre,Brena.Ventre@yopmail.com,Brena.Ventre@gmail.com,doctor
783,Leanna,Amethist,Leanna.Amethist@yopmail.com,Leanna.Amethist@gmail.com,doctor
784,Carree,McNully,Carree.McNully@yopmail.com,Carree.McNully@gmail.com,firefighter
785,Paola,Sothena,Paola.Sothena@yopmail.com,Paola.Sothena@gmail.com,doctor
786,Malina,Egbert,Malina.Egbert@yopmail.com,Malina.Egbert@gmail.com,firefighter
787,Cassandra,Kristi,Cassandra.Kristi@yopmail.com,Cassandra.Kristi@gmail.com,firefighter
788,Tera,Bearnard,Tera.Bearnard@yopmail.com,Tera.Bearnard@gmail.com,firefighter
789,Lynde,Morrill,Lynde.Morrill@yopmail.com,Lynde.Morrill@gmail.com,developer
790,Darlleen,Toni,Darlleen.Toni@yopmail.com,Darlleen.Toni@gmail.com,worker
791,Starla,Jacqui,Starla.Jacqui@yopmail.com,Starla.Jacqui@gmail.com,worker
792,Brietta,Myrilla,Brietta.Myrilla@yopmail.com,Brietta.Myrilla@gmail.com,developer
793,Blondelle,Korey,Blondelle.Korey@yopmail.com,Blondelle.Korey@gmail.com,worker
794,Jemie,August,Jemie.August@yopmail.com,Jemie.August@gmail.com,police officer
795,Nessie,Hanleigh,Nessie.Hanleigh@yopmail.com,Nessie.Hanleigh@gmail.com,worker
796,Silvana,Frodi,Silvana.Frodi@yopmail.com,Silvana.Frodi@gmail.com,worker
797,Steffane,Kathie,Steffane.Kathie@yopmail.com,Steffane.Kathie@gmail.com,doctor
798,Carmela,Johnsson,Carmela.Johnsson@yopmail.com,Carmela.Johnsson@gmail.com,doctor
799,Janeczka,Dalli,Janeczka.Dalli@yopmail.com,Janeczka.Dalli@gmail.com,doctor
800,Cathie,Shama,Cathie.Shama@yopmail.com,Cathie.Shama@gmail.com,developer
801,Odessa,Jehu,Odessa.Jehu@yopmail.com,Odessa.Jehu@gmail.com,developer
802,Cyndie,Viddah,Cyndie.Viddah@yopmail.com,Cyndie.Viddah@gmail.com,developer
803,Daune,Mallon,Daune.Mallon@yopmail.com,Daune.Mallon@gmail.com,developer
804,Anica,Dawkins,Anica.Dawkins@yopmail.com,Anica.Dawkins@gmail.com,developer
805,Jsandye,Dichy,Jsandye.Dichy@yopmail.com,Jsandye.Dichy@gmail.com,worker
806,Chandra,Sparhawk,Chandra.Sparhawk@yopmail.com,Chandra.Sparhawk@gmail.com,worker
807,Phedra,Clarissa,Phedra.Clarissa@yopmail.com,Phedra.Clarissa@gmail.com,doctor
808,Wendi,Bates,Wendi.Bates@yopmail.com,Wendi.Bates@gmail.com,firefighter
809,Zondra,Lorenz,Zondra.Lorenz@yopmail.com,Zondra.Lorenz@gmail.com,doctor
810,Letizia,Autrey,Letizia.Autrey@yopmail.com,Letizia.Autrey@gmail.com,firefighter
811,Lulita,Katrine,Lulita.Katrine@yopmail.com,Lulita.Katrine@gmail.com,worker
812,Devina,Halla,Devina.Halla@yopmail.com,Devina.Halla@gmail.com,developer
813,Glynnis,Sadowski,Glynnis.Sadowski@yopmail.com,Glynnis.Sadowski@gmail.com,developer
814,Layla,Lacombe,Layla.Lacombe@yopmail.com,Layla.Lacombe@gmail.com,firefighter
815,Daune,Infield,Daune.Infield@yopmail.com,Daune.Infield@gmail.com,police officer
816,Debee,Gino,Debee.Gino@yopmail.com,Debee.Gino@gmail.com,firefighter
817,Mureil,Briney,Mureil.Briney@yopmail.com,Mureil.Briney@gmail.com,developer
818,Tera,Podvin,Tera.Podvin@yopmail.com,Tera.Podvin@gmail.com,doctor
819,Myrtice,Fiann,Myrtice.Fiann@yopmail.com,Myrtice.Fiann@gmail.com,firefighter
820,Lenna,Thilda,Lenna.Thilda@yopmail.com,Lenna.Thilda@gmail.com,police officer
821,Jillayne,Martguerita,Jillayne.Martguerita@yopmail.com,Jillayne.Martguerita@gmail.com,doctor
822,Hollie,Francyne,Hollie.Francyne@yopmail.com,Hollie.Francyne@gmail.com,worker
823,Merle,Hebner,Merle.Hebner@yopmail.com,Merle.Hebner@gmail.com,worker
824,Sybille,Dex,Sybille.Dex@yopmail.com,Sybille.Dex@gmail.com,police officer
825,Albertina,Bury,Albertina.Bury@yopmail.com,Albertina.Bury@gmail.com,doctor
826,Raina,Rurik,Raina.Rurik@yopmail.com,Raina.Rurik@gmail.com,worker
827,Lynde,Janene,Lynde.Janene@yopmail.com,Lynde.Janene@gmail.com,doctor
828,Aeriela,Ludewig,Aeriela.Ludewig@yopmail.com,Aeriela.Ludewig@gmail.com,developer
829,Babita,Moseley,Babita.Moseley@yopmail.com,Babita.Moseley@gmail.com,developer
830,Maisey,Mitzi,Maisey.Mitzi@yopmail.com,Maisey.Mitzi@gmail.com,firefighter
831,Sue,Ellerey,Sue.Ellerey@yopmail.com,Sue.Ellerey@gmail.com,worker
832,Minne,Kevon,Minne.Kevon@yopmail.com,Minne.Kevon@gmail.com,doctor
833,Wilma,Strephon,Wilma.Strephon@yopmail.com,Wilma.Strephon@gmail.com,worker
834,Odessa,Ingra,Odessa.Ingra@yopmail.com,Odessa.Ingra@gmail.com,developer
835,Dari,Ciapas,Dari.Ciapas@yopmail.com,Dari.Ciapas@gmail.com,worker
836,Camile,Henebry,Camile.Henebry@yopmail.com,Camile.Henebry@gmail.com,police officer
837,Jillayne,Jillane,Jillayne.Jillane@yopmail.com,Jillayne.Jillane@gmail.com,firefighter
838,Jorry,Stevy,Jorry.Stevy@yopmail.com,Jorry.Stevy@gmail.com,developer
839,Lynde,Bronk,Lynde.Bronk@yopmail.com,Lynde.Bronk@gmail.com,police officer
840,Anthia,Lymann,Anthia.Lymann@yopmail.com,Anthia.Lymann@gmail.com,firefighter
841,Caressa,Harriman,Caressa.Harriman@yopmail.com,Caressa.Harriman@gmail.com,doctor
842,Roberta,Cynar,Roberta.Cynar@yopmail.com,Roberta.Cynar@gmail.com,developer
843,Lynnea,Decato,Lynnea.Decato@yopmail.com,Lynnea.Decato@gmail.com,police officer
844,Ellette,Richers,Ellette.Richers@yopmail.com,Ellette.Richers@gmail.com,doctor
845,Melanie,Egbert,Melanie.Egbert@yopmail.com,Melanie.Egbert@gmail.com,developer
846,Linet,Pettiford,Linet.Pettiford@yopmail.com,Linet.Pettiford@gmail.com,firefighter
847,Bernie,Waldron,Bernie.Waldron@yopmail.com,Bernie.Waldron@gmail.com,firefighter
848,Joane,Ortrude,Joane.Ortrude@yopmail.com,Joane.Ortrude@gmail.com,firefighter
849,Vivia,Lay,Vivia.Lay@yopmail.com,Vivia.Lay@gmail.com,police officer
850,Renae,Curren,Renae.Curren@yopmail.com,Renae.Curren@gmail.com,developer
851,Rubie,Hirsch,Rubie.Hirsch@yopmail.com,Rubie.Hirsch@gmail.com,worker
852,Edee,Quinn,Edee.Quinn@yopmail.com,Edee.Quinn@gmail.com,worker
853,Noelle,Lowry,Noelle.Lowry@yopmail.com,Noelle.Lowry@gmail.com,firefighter
854,Susette,Kendrick,Susette.Kendrick@yopmail.com,Susette.Kendrick@gmail.com,worker
855,Etta,Toffic,Etta.Toffic@yopmail.com,Etta.Toffic@gmail.com,firefighter
856,Tracey,Nance,Tracey.Nance@yopmail.com,Tracey.Nance@gmail.com,developer
857,Ericka,Wesle,Ericka.Wesle@yopmail.com,Ericka.Wesle@gmail.com,developer
858,Ingrid,Jerald,Ingrid.Jerald@yopmail.com,Ingrid.Jerald@gmail.com,police officer
859,Tracey,Center,Tracey.Center@yopmail.com,Tracey.Center@gmail.com,developer
860,Priscilla,Norrie,Priscilla.Norrie@yopmail.com,Priscilla.Norrie@gmail.com,worker
861,Loree,Kunin,Loree.Kunin@yopmail.com,Loree.Kunin@gmail.com,developer
862,Corina,Mott,Corina.Mott@yopmail.com,Corina.Mott@gmail.com,doctor
863,Almeta,Skurnik,Almeta.Skurnik@yopmail.com,Almeta.Skurnik@gmail.com,firefighter
864,Catharine,My,Catharine.My@yopmail.com,Catharine.My@gmail.com,worker
865,Cathyleen,Rudolph,Cathyleen.Rudolph@yopmail.com,Cathyleen.Rudolph@gmail.com,worker
866,Sarette,Burch,Sarette.Burch@yopmail.com,Sarette.Burch@gmail.com,developer
867,Marnia,Saint,Marnia.Saint@yopmail.com,Marnia.Saint@gmail.com,police officer
868,Frank,Quent,Frank.Quent@yopmail.com,Frank.Quent@gmail.com,developer
869,Lila,Lauraine,Lila.Lauraine@yopmail.com,Lila.Lauraine@gmail.com,firefighter
870,Cherilyn,Verger,Cherilyn.Verger@yopmail.com,Cherilyn.Verger@gmail.com,firefighter
871,Oralee,Alice,Oralee.Alice@yopmail.com,Oralee.Alice@gmail.com,police officer
872,Shannah,Myrilla,Shannah.Myrilla@yopmail.com,Shannah.Myrilla@gmail.com,police officer
873,Ginnie,Fiann,Ginnie.Fiann@yopmail.com,Ginnie.Fiann@gmail.com,doctor
874,Tonia,Syd,Tonia.Syd@yopmail.com,Tonia.Syd@gmail.com,worker
875,Alyssa,Cavan,Alyssa.Cavan@yopmail.com,Alyssa.Cavan@gmail.com,police officer
876,Carilyn,Karylin,Carilyn.Karylin@yopmail.com,Carilyn.Karylin@gmail.com,worker
877,Lanae,Neils,Lanae.Neils@yopmail.com,Lanae.Neils@gmail.com,police officer
878,Beth,Wandie,Beth.Wandie@yopmail.com,Beth.Wandie@gmail.com,worker
879,Mahalia,Maroney,Mahalia.Maroney@yopmail.com,Mahalia.Maroney@gmail.com,developer
880,Roberta,Lay,Roberta.Lay@yopmail.com,Roberta.Lay@gmail.com,worker
881,Linet,Ariella,Linet.Ariella@yopmail.com,Linet.Ariella@gmail.com,police officer
882,Lynde,Hunfredo,Lynde.Hunfredo@yopmail.com,Lynde.Hunfredo@gmail.com,firefighter
883,Gwenneth,Killigrew,Gwenneth.Killigrew@yopmail.com,Gwenneth.Killigrew@gmail.com,developer
884,Fawne,Sherrie,Fawne.Sherrie@yopmail.com,Fawne.Sherrie@gmail.com,police officer
885,Lauryn,Shields,Lauryn.Shields@yopmail.com,Lauryn.Shields@gmail.com,police officer
886,Maurene,Aloise,Maurene.Aloise@yopmail.com,Maurene.Aloise@gmail.com,police officer
887,Ursulina,Jacobah,Ursulina.Jacobah@yopmail.com,Ursulina.Jacobah@gmail.com,developer
888,Goldie,Sparhawk,Goldie.Sparhawk@yopmail.com,Goldie.Sparhawk@gmail.com,worker
889,Chere,Adalbert,Chere.Adalbert@yopmail.com,Chere.Adalbert@gmail.com,doctor
890,Odessa,Helfand,Odessa.Helfand@yopmail.com,Odessa.Helfand@gmail.com,firefighter
891,Kristan,Sheng,Kristan.Sheng@yopmail.com,Kristan.Sheng@gmail.com,worker
892,Helsa,Jenness,Helsa.Jenness@yopmail.com,Helsa.Jenness@gmail.com,doctor
893,Brooks,Roscoe,Brooks.Roscoe@yopmail.com,Brooks.Roscoe@gmail.com,worker
894,Meg,Pierette,Meg.Pierette@yopmail.com,Meg.Pierette@gmail.com,firefighter
895,Monika,Penelopa,Monika.Penelopa@yopmail.com,Monika.Penelopa@gmail.com,worker
896,Trixi,Chapland,Trixi.Chapland@yopmail.com,Trixi.Chapland@gmail.com,police officer
897,Margette,Dorine,Margette.Dorine@yopmail.com,Margette.Dorine@gmail.com,firefighter
898,Harrietta,Adamsen,Harrietta.Adamsen@yopmail.com,Harrietta.Adamsen@gmail.com,police officer
899,Deirdre,Amethist,Deirdre.Amethist@yopmail.com,Deirdre.Amethist@gmail.com,firefighter
900,Edyth,Sandye,Edyth.Sandye@yopmail.com,Edyth.Sandye@gmail.com,police officer
901,Arlina,Edmund,Arlina.Edmund@yopmail.com,Arlina.Edmund@gmail.com,doctor
902,Ezmeralda,Xerxes,Ezmeralda.Xerxes@yopmail.com,Ezmeralda.Xerxes@gmail.com,doctor
903,Stephanie,Keelia,Stephanie.Keelia@yopmail.com,Stephanie.Keelia@gmail.com,firefighter
904,Meghann,Zachary,Meghann.Zachary@yopmail.com,Meghann.Zachary@gmail.com,developer
905,Jemie,Toffic,Jemie.Toffic@yopmail.com,Jemie.Toffic@gmail.com,police officer
906,Mamie,Syd,Mamie.Syd@yopmail.com,Mamie.Syd@gmail.com,firefighter
907,Deloria,Revkah,Deloria.Revkah@yopmail.com,Deloria.Revkah@gmail.com,firefighter
908,Emma,Rossner,Emma.Rossner@yopmail.com,Emma.Rossner@gmail.com,worker
909,Sherrie,Urania,Sherrie.Urania@yopmail.com,Sherrie.Urania@gmail.com,firefighter
910,Hildegaard,Astra,Hildegaard.Astra@yopmail.com,Hildegaard.Astra@gmail.com,developer
911,Brietta,Hertzfeld,Brietta.Hertzfeld@yopmail.com,Brietta.Hertzfeld@gmail.com,worker
912,Sarette,Toni,Sarette.Toni@yopmail.com,Sarette.Toni@gmail.com,police officer
913,Meriel,Bearnard,Meriel.Bearnard@yopmail.com,Meriel.Bearnard@gmail.com,firefighter
914,Fina,Atonsah,Fina.Atonsah@yopmail.com,Fina.Atonsah@gmail.com,police officer
915,Olivette,Bouchard,Olivette.Bouchard@yopmail.com,Olivette.Bouchard@gmail.com,doctor
916,Jenilee,Pettiford,Jenilee.Pettiford@yopmail.com,Jenilee.Pettiford@gmail.com,doctor
917,Linet,August,Linet.August@yopmail.com,Linet.August@gmail.com,worker
918,Marline,Behre,Marline.Behre@yopmail.com,Marline.Behre@gmail.com,firefighter
919,Jenda,Kenwood,Jenda.Kenwood@yopmail.com,Jenda.Kenwood@gmail.com,police officer
920,Dennie,Stefa,Dennie.Stefa@yopmail.com,Dennie.Stefa@gmail.com,worker
921,Doro,Kannry,Doro.Kannry@yopmail.com,Doro.Kannry@gmail.com,firefighter
922,Carmencita,Belanger,Carmencita.Belanger@yopmail.com,Carmencita.Belanger@gmail.com,developer
923,Aurore,Philipp,Aurore.Philipp@yopmail.com,Aurore.Philipp@gmail.com,worker
924,Drucie,Rocray,Drucie.Rocray@yopmail.com,Drucie.Rocray@gmail.com,doctor
925,Leia,Tyson,Leia.Tyson@yopmail.com,Leia.Tyson@gmail.com,developer
926,Netty,Shirberg,Netty.Shirberg@yopmail.com,Netty.Shirberg@gmail.com,firefighter
927,Frieda,Joeann,Frieda.Joeann@yopmail.com,Frieda.Joeann@gmail.com,doctor
928,Genovera,Hollingsworth,Genovera.Hollingsworth@yopmail.com,Genovera.Hollingsworth@gmail.com,developer
929,Modestia,Maisey,Modestia.Maisey@yopmail.com,Modestia.Maisey@gmail.com,developer
930,Eadie,Munn,Eadie.Munn@yopmail.com,Eadie.Munn@gmail.com,firefighter
931,Patricia,Yuille,Patricia.Yuille@yopmail.com,Patricia.Yuille@gmail.com,worker
932,Talya,Laurianne,Talya.Laurianne@yopmail.com,Talya.Laurianne@gmail.com,worker
933,Edee,Borrell,Edee.Borrell@yopmail.com,Edee.Borrell@gmail.com,developer
934,Dorene,Ludewig,Dorene.Ludewig@yopmail.com,Dorene.Ludewig@gmail.com,developer
935,Cam,Raimondo,Cam.Raimondo@yopmail.com,Cam.Raimondo@gmail.com,worker
936,Ariela,Bettine,Ariela.Bettine@yopmail.com,Ariela.Bettine@gmail.com,police officer
937,Pollyanna,Ariella,Pollyanna.Ariella@yopmail.com,Pollyanna.Ariella@gmail.com,worker
938,Clarice,Kirstin,Clarice.Kirstin@yopmail.com,Clarice.Kirstin@gmail.com,police officer
939,Sarette,Donell,Sarette.Donell@yopmail.com,Sarette.Donell@gmail.com,police officer
940,Raf,Rogerio,Raf.Rogerio@yopmail.com,Raf.Rogerio@gmail.com,doctor
941,Betta,Weide,Betta.Weide@yopmail.com,Betta.Weide@gmail.com,firefighter
942,Aubrie,Lytton,Aubrie.Lytton@yopmail.com,Aubrie.Lytton@gmail.com,firefighter
943,Atlanta,Fillbert,Atlanta.Fillbert@yopmail.com,Atlanta.Fillbert@gmail.com,doctor
944,Aeriela,Eliathas,Aeriela.Eliathas@yopmail.com,Aeriela.Eliathas@gmail.com,worker
945,Adore,Pond,Adore.Pond@yopmail.com,Adore.Pond@gmail.com,firefighter
946,Briney,Philoo,Briney.Philoo@yopmail.com,Briney.Philoo@gmail.com,worker
947,Brandise,Shuler,Brandise.Shuler@yopmail.com,Brandise.Shuler@gmail.com,worker
948,Trudie,Sheedy,Trudie.Sheedy@yopmail.com,Trudie.Sheedy@gmail.com,worker
949,Clarice,Mathilde,Clarice.Mathilde@yopmail.com,Clarice.Mathilde@gmail.com,developer
950,Fred,Gordon,Fred.Gordon@yopmail.com,Fred.Gordon@gmail.com,doctor
951,Fanny,Ilka,Fanny.Ilka@yopmail.com,Fanny.Ilka@gmail.com,developer
952,Tressa,Jaylene,Tressa.Jaylene@yopmail.com,Tressa.Jaylene@gmail.com,firefighter
953,Katuscha,Jenness,Katuscha.Jenness@yopmail.com,Katuscha.Jenness@gmail.com,developer
954,Wileen,Jenness,Wileen.Jenness@yopmail.com,Wileen.Jenness@gmail.com,worker
955,Ulrike,Helve,Ulrike.Helve@yopmail.com,Ulrike.Helve@gmail.com,doctor
956,Gabriellia,Philoo,Gabriellia.Philoo@yopmail.com,Gabriellia.Philoo@gmail.com,worker
957,Cathyleen,Hepsibah,Cathyleen.Hepsibah@yopmail.com,Cathyleen.Hepsibah@gmail.com,developer
958,Jessamyn,Gwenore,Jessamyn.Gwenore@yopmail.com,Jessamyn.Gwenore@gmail.com,worker
959,Angela,Capello,Angela.Capello@yopmail.com,Angela.Capello@gmail.com,police officer
960,Raquela,Rese,Raquela.Rese@yopmail.com,Raquela.Rese@gmail.com,police officer
961,Sybille,Alcott,Sybille.Alcott@yopmail.com,Sybille.Alcott@gmail.com,developer
962,Xylina,Anselmi,Xylina.Anselmi@yopmail.com,Xylina.Anselmi@gmail.com,doctor
963,Philis,Larochelle,Philis.Larochelle@yopmail.com,Philis.Larochelle@gmail.com,worker
964,Georgetta,Dunkin,Georgetta.Dunkin@yopmail.com,Georgetta.Dunkin@gmail.com,worker
965,Betta,Hailee,Betta.Hailee@yopmail.com,Betta.Hailee@gmail.com,developer
966,Valera,Sawtelle,Valera.Sawtelle@yopmail.com,Valera.Sawtelle@gmail.com,firefighter
967,Inga,Anderea,Inga.Anderea@yopmail.com,Inga.Anderea@gmail.com,police officer
968,Alie,Fontana,Alie.Fontana@yopmail.com,Alie.Fontana@gmail.com,doctor
969,Robinia,Hillel,Robinia.Hillel@yopmail.com,Robinia.Hillel@gmail.com,developer
970,Allis,Juan,Allis.Juan@yopmail.com,Allis.Juan@gmail.com,police officer
971,Penelopa,Truc,Penelopa.Truc@yopmail.com,Penelopa.Truc@gmail.com,police officer
972,Blondelle,Pelagias,Blondelle.Pelagias@yopmail.com,Blondelle.Pelagias@gmail.com,doctor
973,Caressa,Eliathas,Caressa.Eliathas@yopmail.com,Caressa.Eliathas@gmail.com,developer
974,Priscilla,Colp,Priscilla.Colp@yopmail.com,Priscilla.Colp@gmail.com,developer
975,Sue,Haldas,Sue.Haldas@yopmail.com,Sue.Haldas@gmail.com,developer
976,Demetris,Grayce,Demetris.Grayce@yopmail.com,Demetris.Grayce@gmail.com,developer
977,Lisette,Merna,Lisette.Merna@yopmail.com,Lisette.Merna@gmail.com,worker
978,Nerta,Parette,Nerta.Parette@yopmail.com,Nerta.Parette@gmail.com,doctor
979,June,Eldrid,June.Eldrid@yopmail.com,June.Eldrid@gmail.com,firefighter
980,Clarice,Lemuela,Clarice.Lemuela@yopmail.com,Clarice.Lemuela@gmail.com,doctor
981,Brooks,Phyllis,Brooks.Phyllis@yopmail.com,Brooks.Phyllis@gmail.com,firefighter
982,Kathi,Willie,Kathi.Willie@yopmail.com,Kathi.Willie@gmail.com,doctor
983,Raquela,Felecia,Raquela.Felecia@yopmail.com,Raquela.Felecia@gmail.com,firefighter
984,Estell,Yusuk,Estell.Yusuk@yopmail.com,Estell.Yusuk@gmail.com,doctor
985,Emilia,Tiffa,Emilia.Tiffa@yopmail.com,Emilia.Tiffa@gmail.com,doctor
986,Zia,Modie,Zia.Modie@yopmail.com,Zia.Modie@gmail.com,firefighter
987,Ottilie,Oriana,Ottilie.Oriana@yopmail.com,Ottilie.Oriana@gmail.com,worker
988,Regina,Diogenes,Regina.Diogenes@yopmail.com,Regina.Diogenes@gmail.com,worker
989,Cristine,Faria,Cristine.Faria@yopmail.com,Cristine.Faria@gmail.com,police officer
990,Bettine,Frodi,Bettine.Frodi@yopmail.com,Bettine.Frodi@gmail.com,worker
991,Dorothy,Madelene,Dorothy.Madelene@yopmail.com,Dorothy.Madelene@gmail.com,worker
992,Brianna,Schalles,Brianna.Schalles@yopmail.com,Brianna.Schalles@gmail.com,police officer
993,Margarette,Xerxes,Margarette.Xerxes@yopmail.com,Margarette.Xerxes@gmail.com,police officer
994,Harrietta,Sholley,Harrietta.Sholley@yopmail.com,Harrietta.Sholley@gmail.com,police officer
995,Libbie,Glovsky,Libbie.Glovsky@yopmail.com,Libbie.Glovsky@gmail.com,doctor
996,Yetty,Rogerio,Yetty.Rogerio@yopmail.com,Yetty.Rogerio@gmail.com,police officer
997,Gwyneth,Wolfgram,Gwyneth.Wolfgram@yopmail.com,Gwyneth.Wolfgram@gmail.com,police officer
998,Joceline,Zamora,Joceline.Zamora@yopmail.com,Joceline.Zamora@gmail.com,developer
999,Korrie,Howlyn,Korrie.Howlyn@yopmail.com,Korrie.Howlyn@gmail.com,doctor
1000,Nataline,Gaynor,Nataline.Gaynor@yopmail.com,Nataline.Gaynor@gmail.com,doctor
1001,Layla,Longfellow,Layla.Longfellow@yopmail.com,Layla.Longfellow@gmail.com,worker
1002,Janis,Lymann,Janis.Lymann@yopmail.com,Janis.Lymann@gmail.com,doctor
1003,Janenna,Bandeen,Janenna.Bandeen@yopmail.com,Janenna.Bandeen@gmail.com,developer
1004,Christy,Ashok,Christy.Ashok@yopmail.com,Christy.Ashok@gmail.com,developer
1005,Charissa,Marsden,Charissa.Marsden@yopmail.com,Charissa.Marsden@gmail.com,worker
1006,Ellette,Chapland,Ellette.Chapland@yopmail.com,Ellette.Chapland@gmail.com,police officer
1007,Kayla,Gunn,Kayla.Gunn@yopmail.com,Kayla.Gunn@gmail.com,police officer
1008,Marti,Hunfredo,Marti.Hunfredo@yopmail.com,Marti.Hunfredo@gmail.com,worker
1009,Netty,Loring,Netty.Loring@yopmail.com,Netty.Loring@gmail.com,developer
1010,Elyssa,Trey,Elyssa.Trey@yopmail.com,Elyssa.Trey@gmail.com,police officer
1011,Rubie,Abram,Rubie.Abram@yopmail.com,Rubie.Abram@gmail.com,developer
1012,Jerry,Neils,Jerry.Neils@yopmail.com,Jerry.Neils@gmail.com,worker
1013,Laurene,Brady,Laurene.Brady@yopmail.com,Laurene.Brady@gmail.com,police officer
1014,Elvira,Hoban,Elvira.Hoban@yopmail.com,Elvira.Hoban@gmail.com,police officer
1015,Glenda,Ledah,Glenda.Ledah@yopmail.com,Glenda.Ledah@gmail.com,firefighter
1016,Jemie,McAdams,Jemie.McAdams@yopmail.com,Jemie.McAdams@gmail.com,developer
1017,Hettie,Kazimir,Hettie.Kazimir@yopmail.com,Hettie.Kazimir@gmail.com,firefighter
1018,Dagmar,Othilia,Dagmar.Othilia@yopmail.com,Dagmar.Othilia@gmail.com,police officer
1019,Almeta,Guthrie,Almeta.Guthrie@yopmail.com,Almeta.Guthrie@gmail.com,worker
1020,Lilith,Alwin,Lilith.Alwin@yopmail.com,Lilith.Alwin@gmail.com,police officer
1021,Kaia,Israeli,Kaia.Israeli@yopmail.com,Kaia.Israeli@gmail.com,police officer
1022,Tabbatha,Bandeen,Tabbatha.Bandeen@yopmail.com,Tabbatha.Bandeen@gmail.com,developer
1023,Fred,Wittie,Fred.Wittie@yopmail.com,Fred.Wittie@gmail.com,doctor
1024,Sophia,Olnee,Sophia.Olnee@yopmail.com,Sophia.Olnee@gmail.com,developer
1025,Iseabal,Mandler,Iseabal.Mandler@yopmail.com,Iseabal.Mandler@gmail.com,police officer
1026,Aryn,Dalli,Aryn.Dalli@yopmail.com,Aryn.Dalli@gmail.com,doctor
1027,Gisela,Margarete,Gisela.Margarete@yopmail.com,Gisela.Margarete@gmail.com,worker
1028,Trudie,Macey,Trudie.Macey@yopmail.com,Trudie.Macey@gmail.com,doctor
1029,Vinita,Felecia,Vinita.Felecia@yopmail.com,Vinita.Felecia@gmail.com,police officer
1030,Hollie,Astra,Hollie.Astra@yopmail.com,Hollie.Astra@gmail.com,developer
1031,Karolina,Kosey,Karolina.Kosey@yopmail.com,Karolina.Kosey@gmail.com,police officer
1032,Alie,Fontana,Alie.Fontana@yopmail.com,Alie.Fontana@gmail.com,police officer
1033,Lynnea,Seumas,Lynnea.Seumas@yopmail.com,Lynnea.Seumas@gmail.com,developer
1034,Ronna,Gemini,Ronna.Gemini@yopmail.com,Ronna.Gemini@gmail.com,police officer
1035,Fidelia,Noam,Fidelia.Noam@yopmail.com,Fidelia.Noam@gmail.com,police officer
1036,Consuela,Bebe,Consuela.Bebe@yopmail.com,Consuela.Bebe@gmail.com,firefighter
1037,Tonia,Garlinda,Tonia.Garlinda@yopmail.com,Tonia.Garlinda@gmail.com,doctor
1038,Marti,Ilka,Marti.Ilka@yopmail.com,Marti.Ilka@gmail.com,firefighter
1039,Shaine,Leffen,Shaine.Leffen@yopmail.com,Shaine.Leffen@gmail.com,worker
1040,Wanda,Ophelia,Wanda.Ophelia@yopmail.com,Wanda.Ophelia@gmail.com,worker
1041,Kara-Lynn,Marden,Kara-Lynn.Marden@yopmail.com,Kara-Lynn.Marden@gmail.com,doctor
1042,Ariela,Edvard,Ariela.Edvard@yopmail.com,Ariela.Edvard@gmail.com,worker
1043,Ermengarde,Eliathas,Ermengarde.Eliathas@yopmail.com,Ermengarde.Eliathas@gmail.com,firefighter
1044,Giustina,Lattie,Giustina.Lattie@yopmail.com,Giustina.Lattie@gmail.com,doctor
1045,Merle,Rosette,Merle.Rosette@yopmail.com,Merle.Rosette@gmail.com,worker
1046,Roseline,Kauppi,Roseline.Kauppi@yopmail.com,Roseline.Kauppi@gmail.com,doctor
1047,Gabriellia,Kare,Gabriellia.Kare@yopmail.com,Gabriellia.Kare@gmail.com,worker
1048,Ariela,Jacinda,Ariela.Jacinda@yopmail.com,Ariela.Jacinda@gmail.com,police officer
1049,Paulita,Ledah,Paulita.Ledah@yopmail.com,Paulita.Ledah@gmail.com,worker
1050,Trudie,Schalles,Trudie.Schalles@yopmail.com,Trudie.Schalles@gmail.com,police officer
1051,Dawn,Peg,Dawn.Peg@yopmail.com,Dawn.Peg@gmail.com,doctor
1052,Doralynne,Haerr,Doralynne.Haerr@yopmail.com,Doralynne.Haerr@gmail.com,police officer
1053,Kathi,Rolf,Kathi.Rolf@yopmail.com,Kathi.Rolf@gmail.com,firefighter
1054,Marline,Dielu,Marline.Dielu@yopmail.com,Marline.Dielu@gmail.com,doctor
1055,Roberta,Charmine,Roberta.Charmine@yopmail.com,Roberta.Charmine@gmail.com,firefighter
1056,Hyacinthe,Allare,Hyacinthe.Allare@yopmail.com,Hyacinthe.Allare@gmail.com,developer
1057,Zsa Zsa,Vorster,Zsa Zsa.Vorster@yopmail.com,Zsa Zsa.Vorster@gmail.com,doctor
1058,Heida,Ricarda,Heida.Ricarda@yopmail.com,Heida.Ricarda@gmail.com,developer
1059,Luci,Adore,Luci.Adore@yopmail.com,Luci.Adore@gmail.com,worker
1060,Lizzie,Socha,Lizzie.Socha@yopmail.com,Lizzie.Socha@gmail.com,doctor
1061,Hope,Sallyann,Hope.Sallyann@yopmail.com,Hope.Sallyann@gmail.com,developer
1062,Alisha,Bonilla,Alisha.Bonilla@yopmail.com,Alisha.Bonilla@gmail.com,doctor
1063,Fayre,Horan,Fayre.Horan@yopmail.com,Fayre.Horan@gmail.com,worker
1064,Ekaterina,Yam,Ekaterina.Yam@yopmail.com,Ekaterina.Yam@gmail.com,police officer
1065,Evaleen,Hortensia,Evaleen.Hortensia@yopmail.com,Evaleen.Hortensia@gmail.com,firefighter
1066,Florie,Iaverne,Florie.Iaverne@yopmail.com,Florie.Iaverne@gmail.com,doctor
1067,Asia,Thema,Asia.Thema@yopmail.com,Asia.Thema@gmail.com,police officer
1068,Arlena,Darian,Arlena.Darian@yopmail.com,Arlena.Darian@gmail.com,worker
1069,Loree,Grobe,Loree.Grobe@yopmail.com,Loree.Grobe@gmail.com,police officer
1070,Lizzie,Cutlerr,Lizzie.Cutlerr@yopmail.com,Lizzie.Cutlerr@gmail.com,police officer
1071,Marjie,Kesley,Marjie.Kesley@yopmail.com,Marjie.Kesley@gmail.com,developer
1072,Eve,Sidonius,Eve.Sidonius@yopmail.com,Eve.Sidonius@gmail.com,worker
1073,Frieda,Taima,Frieda.Taima@yopmail.com,Frieda.Taima@gmail.com,firefighter
1074,Maridel,Irmine,Maridel.Irmine@yopmail.com,Maridel.Irmine@gmail.com,firefighter
1075,Chickie,Dermott,Chickie.Dermott@yopmail.com,Chickie.Dermott@gmail.com,firefighter
1076,Doralynne,Malvino,Doralynne.Malvino@yopmail.com,Doralynne.Malvino@gmail.com,doctor
1077,Merry,Michella,Merry.Michella@yopmail.com,Merry.Michella@gmail.com,worker
1078,Regina,Stav,Regina.Stav@yopmail.com,Regina.Stav@gmail.com,worker
1079,Dorothy,Chinua,Dorothy.Chinua@yopmail.com,Dorothy.Chinua@gmail.com,police officer
1080,Aimil,Burch,Aimil.Burch@yopmail.com,Aimil.Burch@gmail.com,police officer
1081,Shaine,Neva,Shaine.Neva@yopmail.com,Shaine.Neva@gmail.com,police officer
1082,Elbertina,Gaal,Elbertina.Gaal@yopmail.com,Elbertina.Gaal@gmail.com,worker
1083,Annora,Harriman,Annora.Harriman@yopmail.com,Annora.Harriman@gmail.com,developer
1084,Theodora,Shirberg,Theodora.Shirberg@yopmail.com,Theodora.Shirberg@gmail.com,developer
1085,Kirbee,Nance,Kirbee.Nance@yopmail.com,Kirbee.Nance@gmail.com,worker
1086,Noelle,Grimbly,Noelle.Grimbly@yopmail.com,Noelle.Grimbly@gmail.com,doctor
1087,Beverley,Carlson,Beverley.Carlson@yopmail.com,Beverley.Carlson@gmail.com,doctor
1088,Rhoda,Eldrid,Rhoda.Eldrid@yopmail.com,Rhoda.Eldrid@gmail.com,police officer
1089,Hollie,Garbe,Hollie.Garbe@yopmail.com,Hollie.Garbe@gmail.com,worker
1090,Marcelline,Pandolfi,Marcelline.Pandolfi@yopmail.com,Marcelline.Pandolfi@gmail.com,developer
1091,Beatriz,Cavan,Beatriz.Cavan@yopmail.com,Beatriz.Cavan@gmail.com,police officer
1092,Jordan,Tippets,Jordan.Tippets@yopmail.com,Jordan.Tippets@gmail.com,police officer
1093,Carree,Zaslow,Carree.Zaslow@yopmail.com,Carree.Zaslow@gmail.com,developer
1094,Mureil,Grayce,Mureil.Grayce@yopmail.com,Mureil.Grayce@gmail.com,developer
1095,Betta,Milson,Betta.Milson@yopmail.com,Betta.Milson@gmail.com,firefighter
1096,Edee,Miru,Edee.Miru@yopmail.com,Edee.Miru@gmail.com,doctor
1097,Sabina,My,Sabina.My@yopmail.com,Sabina.My@gmail.com,doctor
1098,Nataline,Dannye,Nataline.Dannye@yopmail.com,Nataline.Dannye@gmail.com,firefighter
1099,Kayla,Azeria,Kayla.Azeria@yopmail.com,Kayla.Azeria@gmail.com,doctor